-- MySQL dump 10.13  Distrib 8.0.42, for Win64 (x86_64)
--
-- Host: localhost    Database: notfound
-- ------------------------------------------------------
-- Server version	8.0.42

/*!40101 SET @OLD_CHARACTER_SET_CLIENT=@@CHARACTER_SET_CLIENT */;
/*!40101 SET @OLD_CHARACTER_SET_RESULTS=@@CHARACTER_SET_RESULTS */;
/*!40101 SET @OLD_COLLATION_CONNECTION=@@COLLATION_CONNECTION */;
/*!50503 SET NAMES utf8 */;
/*!40103 SET @OLD_TIME_ZONE=@@TIME_ZONE */;
/*!40103 SET TIME_ZONE='+00:00' */;
/*!40014 SET @OLD_UNIQUE_CHECKS=@@UNIQUE_CHECKS, UNIQUE_CHECKS=0 */;
/*!40014 SET @OLD_FOREIGN_KEY_CHECKS=@@FOREIGN_KEY_CHECKS, FOREIGN_KEY_CHECKS=0 */;
/*!40101 SET @OLD_SQL_MODE=@@SQL_MODE, SQL_MODE='NO_AUTO_VALUE_ON_ZERO' */;
/*!40111 SET @OLD_SQL_NOTES=@@SQL_NOTES, SQL_NOTES=0 */;

--
-- Table structure for table `board_food`
--

DROP TABLE IF EXISTS `board_food`;
/*!40101 SET @saved_cs_client     = @@character_set_client */;
/*!50503 SET character_set_client = utf8mb4 */;
CREATE TABLE `board_food` (
  `id` int NOT NULL AUTO_INCREMENT,
  `title` varchar(255) NOT NULL,
  `body` tinytext NOT NULL,
  `imgsrc` varchar(255) DEFAULT NULL,
  `author` varchar(255) NOT NULL,
  `recommend` int DEFAULT '0',
  `views` int DEFAULT '0',
  `category` varchar(30) DEFAULT 'food',
  `created_at` datetime DEFAULT CURRENT_TIMESTAMP,
  `updated_at` datetime DEFAULT CURRENT_TIMESTAMP ON UPDATE CURRENT_TIMESTAMP,
  `status` enum('VISIBLE','DELETED','PRIVATE','BLOCKED') DEFAULT 'VISIBLE',
  PRIMARY KEY (`id`),
  KEY `board_food_ibfk_1_idx` (`author`),
  CONSTRAINT `board_food_ibfk_1` FOREIGN KEY (`author`) REFERENCES `user_auth` (`username`) ON DELETE CASCADE
) ENGINE=InnoDB AUTO_INCREMENT=121 DEFAULT CHARSET=utf8mb4 COLLATE=utf8mb4_0900_ai_ci;
/*!40101 SET character_set_client = @saved_cs_client */;

--
-- Dumping data for table `board_food`
--

LOCK TABLES `board_food` WRITE;
/*!40000 ALTER TABLE `board_food` DISABLE KEYS */;
INSERT INTO `board_food` VALUES (1,'맛있는 초밥집 발견','최근에 다녀온 초밥집 정말 신선한 재료와 합리적인 가격이었어요. 초밥이 입안에서 살살 녹는 느낌이었답니다. 꼭 추천합니다!',NULL,'aaa',0,0,'food','2025-07-25 10:00:00','2025-07-25 10:00:00','VISIBLE'),(2,'매운 떡볶이 도전기','매운 음식 좋아해서 매운 떡볶이 먹었는데, 혀가 얼얼할 정도로 매웠어요. 하지만 또 생각나는 맛이네요.',NULL,'bbb',0,0,'food','2025-07-25 10:05:00','2025-07-25 10:05:00','VISIBLE'),(3,'집에서 만든 김치찌개','얼큰하고 깊은 맛의 김치찌개를 직접 끓였는데 가족들이 너무 좋아했어요. 비법은 묵은 김치를 사용한 거랍니다.',NULL,'ccc',0,0,'food','2025-07-25 10:10:00','2025-07-25 10:10:00','VISIBLE'),(4,'야키니쿠 맛집 추천','최근에 방문한 야키니쿠 식당은 고기가 부드럽고 소스가 아주 잘 어울려서 만족스러웠어요. 고기 좋아하시는 분께 추천!',NULL,'ddd',0,0,'food','2025-07-25 10:15:00','2025-07-25 10:15:00','VISIBLE'),(5,'건강한 샐러드 만들기','신선한 채소와 과일을 넣어 직접 만든 샐러드가 상큼하고 맛있었어요. 드레싱도 직접 만들었답니다.',NULL,'eee',0,0,'food','2025-07-25 10:20:00','2025-07-25 10:20:00','VISIBLE'),(6,'전통 된장찌개 맛있게','구수한 된장찌개를 끓이는 법 공유합니다. 된장은 좋은 걸 써야 맛이 진해져요.',NULL,'fff',0,0,'food','2025-07-25 10:25:00','2025-07-25 10:25:00','VISIBLE'),(7,'달콤한 팬케이크','브런치 카페에서 먹은 팬케이크가 부드럽고 달콤했어요. 시럽과 버터가 환상 조합!',NULL,'ggg',0,0,'food','2025-07-25 10:30:00','2025-07-25 10:30:00','VISIBLE'),(8,'김밥 싸는 법','가족 모임에 직접 김밥 싸서 갔는데 다들 좋아했어요. 재료 신선하게 준비하는 게 포인트!',NULL,'hhh',0,0,'food','2025-07-25 10:35:00','2025-07-25 10:35:00','VISIBLE'),(9,'달고나 커피 만들기','요즘 인기 많은 달고나 커피 집에서 직접 만들어 봤는데 성공적이었어요.',NULL,'iii',0,0,'food','2025-07-25 10:40:00','2025-07-25 10:40:00','VISIBLE'),(10,'고등어 구이','집에서 간단히 고등어 구이 만들었는데 바삭하고 고소한 맛이 일품이었어요.',NULL,'jjj',0,0,'food','2025-07-25 10:45:00','2025-07-25 10:45:00','VISIBLE'),(11,'시원한 냉면','더운 날씨에 냉면 한 그릇이 최고네요. 새콤달콤한 육수가 일품입니다.',NULL,'kkk',0,0,'food','2025-07-25 10:50:00','2025-07-25 10:50:00','VISIBLE'),(12,'달콤한 망고빙수','여름 별미 망고빙수 먹고 왔어요. 신선한 망고와 얼음이 환상 조합!',NULL,'lll',0,0,'food','2025-07-25 10:55:00','2025-07-25 10:55:00','VISIBLE'),(13,'바삭한 치킨','프라이드 치킨 바삭하게 튀기는 비법 알려드려요.',NULL,'mmm',0,0,'food','2025-07-25 11:00:00','2025-07-25 11:00:00','VISIBLE'),(14,'새콤한 오이무침','매콤달콤한 양념과 신선한 오이가 어우러진 오이무침 만들기!',NULL,'nnn',0,0,'food','2025-07-25 11:05:00','2025-07-25 11:05:00','VISIBLE'),(15,'달콤한 고구마 맛탕','바삭하게 튀긴 고구마에 달콤한 시럽 입히기 성공!',NULL,'ooo',0,0,'food','2025-07-25 11:10:00','2025-07-25 11:10:00','VISIBLE'),(16,'제철 수박 먹었어요','시원하고 달콤한 제철 수박으로 더위를 식혔어요. 과즙 가득한 맛이 최고!',NULL,'ppp',0,0,'food','2025-07-26 10:00:00','2025-07-26 10:00:00','VISIBLE'),(17,'집에서 만든 부대찌개','햄과 소시지, 김치가 어우러져 깊은 맛이 나는 부대찌개를 만들어 봤어요.',NULL,'qqq',0,0,'food','2025-07-26 10:05:00','2025-07-26 10:05:00','VISIBLE'),(18,'초간단 된장국 레시피','바쁜 아침에도 쉽게 끓일 수 있는 된장국 레시피 공유해요.',NULL,'rrr',0,0,'food','2025-07-26 10:10:00','2025-07-26 10:10:00','VISIBLE'),(19,'가성비 좋은 고깃집','친구들과 다녀온 고깃집, 맛도 좋고 가격도 착해서 자주 가요.',NULL,'sss',0,0,'food','2025-07-26 10:15:00','2025-07-26 10:15:00','VISIBLE'),(20,'아보카도 샐러드','부드러운 아보카도와 신선한 채소가 만난 건강한 한 끼.',NULL,'ttt',0,0,'food','2025-07-26 10:20:00','2025-07-26 10:20:00','VISIBLE'),(21,'냉장고 정리 요리','남은 재료로 만든 간단하고 맛있는 반찬들.',NULL,'uuu',0,0,'food','2025-07-26 10:25:00','2025-07-26 10:25:00','VISIBLE'),(22,'고소한 참치김밥','참치와 야채가 듬뿍 들어간 김밥으로 점심 해결했어요.',NULL,'vvv',0,0,'food','2025-07-26 10:30:00','2025-07-26 10:30:00','VISIBLE'),(23,'달콤한 고구마 찜','속까지 촉촉한 고구마 찜 만드는 법 공유합니다.',NULL,'www',0,0,'food','2025-07-26 10:35:00','2025-07-26 10:35:00','VISIBLE'),(24,'매콤한 제육볶음','매콤달콤한 제육볶음으로 밥 한 공기 뚝딱!',NULL,'xxx',0,0,'food','2025-07-26 10:40:00','2025-07-26 10:40:00','VISIBLE'),(25,'감자조림 성공기','아이들도 좋아하는 달콤짭짤한 감자조림 만들었어요.',NULL,'yyy',0,0,'food','2025-07-26 10:45:00','2025-07-26 10:45:00','VISIBLE'),(26,'시원한 콩국수','더운 여름철 별미 콩국수 만들어 먹었어요.',NULL,'zzz',0,0,'food','2025-07-26 10:50:00','2025-07-26 10:50:00','VISIBLE'),(27,'촉촉한 팬케이크','아침에 부드럽고 촉촉한 팬케이크로 하루 시작했어요.',NULL,'aaa',0,0,'food','2025-07-26 10:55:00','2025-07-26 10:55:00','VISIBLE'),(28,'바삭한 감자튀김','겉은 바삭하고 속은 촉촉한 감자튀김 만들기.',NULL,'bbb',0,0,'food','2025-07-26 11:00:00','2025-07-26 11:00:00','VISIBLE'),(29,'달콤한 딸기잼','직접 만든 딸기잼으로 아침 식사 준비 완료.',NULL,'ccc',0,0,'food','2025-07-26 11:05:00','2025-07-26 11:05:00','VISIBLE'),(30,'고소한 땅콩버터 토스트','고소한 땅콩버터와 바삭한 토스트의 조합 최고!',NULL,'ddd',0,0,'food','2025-07-26 11:10:00','2025-07-26 11:10:00','VISIBLE'),(31,'신선한 회 맛집','최근 방문한 회 전문점에서 싱싱한 회를 맛봤어요. 신선도 최고!',NULL,'eee',0,0,'food','2025-07-27 10:00:00','2025-07-27 10:00:00','VISIBLE'),(32,'고소한 참치 샐러드','참치와 신선한 야채가 어우러진 샐러드로 건강한 한 끼를 즐겼어요.',NULL,'fff',0,0,'food','2025-07-27 10:05:00','2025-07-27 10:05:00','VISIBLE'),(33,'매콤한 닭볶음탕','얼큰한 닭볶음탕이 생각날 때 딱 좋은 요리였어요.',NULL,'ggg',0,0,'food','2025-07-27 10:10:00','2025-07-27 10:10:00','VISIBLE'),(34,'달콤한 바나나 스무디','아침에 마신 바나나 스무디가 상큼했어요.',NULL,'hhh',0,0,'food','2025-07-27 10:15:00','2025-07-27 10:15:00','VISIBLE'),(35,'쫄깃한 떡국 떡','떡국 떡 직접 만들었는데 쫄깃하고 맛있었어요.',NULL,'iii',0,0,'food','2025-07-27 10:20:00','2025-07-27 10:20:00','VISIBLE'),(36,'고기 반찬 만들기','간단한 고기 반찬으로 밥상이 풍성해졌어요.',NULL,'jjj',0,0,'food','2025-07-27 10:25:00','2025-07-27 10:25:00','VISIBLE'),(37,'담백한 순두부찌개','부드러운 순두부와 얼큰한 국물이 잘 어울렸어요.',NULL,'kkk',0,0,'food','2025-07-27 10:30:00','2025-07-27 10:30:00','VISIBLE'),(38,'고소한 감자전','바삭하게 부친 감자전으로 간식 준비 완료.',NULL,'lll',0,0,'food','2025-07-27 10:35:00','2025-07-27 10:35:00','VISIBLE'),(39,'신선한 모듬 채소','신선한 채소를 다양하게 준비해서 건강 챙겼어요.',NULL,'mmm',0,0,'food','2025-07-27 10:40:00','2025-07-27 10:40:00','VISIBLE'),(40,'매콤한 김치전','김치 넣어 매콤하게 부친 김치전으로 술안주로 딱!',NULL,'nnn',0,0,'food','2025-07-27 10:45:00','2025-07-27 10:45:00','VISIBLE'),(41,'시원한 오이냉국','더운 날씨에 오이냉국 한 그릇이 최고였어요.',NULL,'ooo',0,0,'food','2025-07-27 10:50:00','2025-07-27 10:50:00','VISIBLE'),(42,'달콤한 딸기 케이크','생일에 먹은 딸기 케이크가 정말 맛있었어요.',NULL,'ppp',0,0,'food','2025-07-27 10:55:00','2025-07-27 10:55:00','VISIBLE'),(43,'바삭한 고로케','속은 촉촉, 겉은 바삭한 고로케 만들기 성공!',NULL,'qqq',0,0,'food','2025-07-27 11:00:00','2025-07-27 11:00:00','VISIBLE'),(44,'매운 떡볶이','매운 떡볶이 먹고 스트레스 확 날렸어요.',NULL,'rrr',0,0,'food','2025-07-27 11:05:00','2025-07-27 11:05:00','VISIBLE'),(45,'달콤한 꿀 바른 토스트','아침에 꿀 바른 토스트로 기분 좋은 시작!',NULL,'sss',0,0,'food','2025-07-27 11:10:00','2025-07-27 11:10:00','VISIBLE'),(46,'참치 회 덮밥','신선한 참치와 밥의 조화가 환상적이었어요. 간단하면서도 든든한 한 끼였습니다.',NULL,'ttt',0,0,'food','2025-07-28 10:00:00','2025-07-28 10:00:00','VISIBLE'),(47,'구운 고등어','고등어를 바삭하게 구워서 밥과 함께 먹었어요. 고소한 맛이 일품입니다.',NULL,'uuu',0,0,'food','2025-07-28 10:05:00','2025-07-28 10:05:00','VISIBLE'),(48,'새콤달콤 무생채','새콤달콤한 무생채가 입맛을 돋워줍니다. 밥 반찬으로 최고!',NULL,'vvv',0,0,'food','2025-07-28 10:10:00','2025-07-28 10:10:00','VISIBLE'),(49,'매콤한 불고기','불고기에 고추장을 넣어 매콤하게 요리했어요. 밥도둑입니다.',NULL,'www',0,0,'food','2025-07-28 10:15:00','2025-07-28 10:15:00','VISIBLE'),(50,'시원한 콩나물국','시원하고 깔끔한 콩나물국으로 속이 편안해졌어요.',NULL,'xxx',0,0,'food','2025-07-28 10:20:00','2025-07-28 10:20:00','VISIBLE'),(51,'바삭한 닭튀김','바삭하고 촉촉한 닭튀김이 간식으로 최고였어요.',NULL,'yyy',0,0,'food','2025-07-28 10:25:00','2025-07-28 10:25:00','VISIBLE'),(52,'달콤한 호박죽','따뜻한 호박죽으로 속을 달랬어요. 부드러운 식감이 좋아요.',NULL,'zzz',0,0,'food','2025-07-28 10:30:00','2025-07-28 10:30:00','VISIBLE'),(53,'매운 오징어볶음','오징어를 매콤하게 볶아 밥과 함께 먹었어요. 중독성 있는 맛!',NULL,'aaa',0,0,'food','2025-07-28 10:35:00','2025-07-28 10:35:00','VISIBLE'),(54,'담백한 두부조림','두부를 간장 양념에 졸여 담백하고 맛있게 먹었어요.',NULL,'bbb',0,0,'food','2025-07-28 10:40:00','2025-07-28 10:40:00','VISIBLE'),(55,'신선한 야채 스틱','당근과 오이, 셀러리를 스틱 형태로 잘라서 건강한 간식으로!',NULL,'ccc',0,0,'food','2025-07-28 10:45:00','2025-07-28 10:45:00','VISIBLE'),(56,'달콤한 블루베리 요거트','블루베리와 요거트를 섞어 상큼하게 먹었어요.',NULL,'ddd',0,0,'food','2025-07-28 10:50:00','2025-07-28 10:50:00','VISIBLE'),(57,'고소한 참기름 냉국수','참기름 향 가득한 냉국수로 여름을 시원하게 보냈어요.',NULL,'eee',0,0,'food','2025-07-28 10:55:00','2025-07-28 10:55:00','VISIBLE'),(58,'매콤한 양념치킨','달콤 매콤한 양념치킨으로 술안주 최고!',NULL,'fff',0,0,'food','2025-07-28 11:00:00','2025-07-28 11:00:00','VISIBLE'),(59,'부드러운 계란찜','부드럽고 촉촉한 계란찜으로 속을 달랬어요.',NULL,'ggg',0,0,'food','2025-07-28 11:05:00','2025-07-28 11:05:00','VISIBLE'),(60,'새콤달콤 토마토 샐러드','신선한 토마토와 드레싱이 잘 어우러져 맛있었어요.',NULL,'hhh',0,0,'food','2025-07-28 11:10:00','2025-07-28 11:10:00','VISIBLE'),(61,'담백한 닭가슴살 샐러드','닭가슴살과 신선한 채소가 조화를 이루는 건강식 샐러드.',NULL,'iii',0,0,'food','2025-07-29 10:00:00','2025-07-29 10:00:00','VISIBLE'),(62,'바삭한 고구마튀김','겉은 바삭하고 속은 촉촉한 고구마튀김으로 간식 준비했어요.',NULL,'jjj',0,0,'food','2025-07-29 10:05:00','2025-07-29 10:05:00','VISIBLE'),(63,'시원한 콩나물무침','아삭아삭한 콩나물무침으로 입맛 돋웠어요.',NULL,'kkk',0,0,'food','2025-07-29 10:10:00','2025-07-29 10:10:00','VISIBLE'),(64,'매콤한 떡꼬치','매운 떡꼬치가 스트레스 확 날려줬어요.',NULL,'lll',0,0,'food','2025-07-29 10:15:00','2025-07-29 10:15:00','VISIBLE'),(65,'달콤한 와플','바삭한 와플 위에 달콤한 시럽 듬뿍!',NULL,'mmm',0,0,'food','2025-07-29 10:20:00','2025-07-29 10:20:00','VISIBLE'),(66,'고소한 땅콩 스낵','고소한 땅콩 스낵으로 간단한 간식 타임.',NULL,'nnn',0,0,'food','2025-07-29 10:25:00','2025-07-29 10:25:00','VISIBLE'),(67,'신선한 오이 샐러드','시원하고 상큼한 오이 샐러드로 더위 극복!',NULL,'ooo',0,0,'food','2025-07-29 10:30:00','2025-07-29 10:30:00','VISIBLE'),(68,'담백한 두부 스테이크','부드러운 두부 스테이크에 특제 소스 곁들였어요.',NULL,'ppp',0,0,'food','2025-07-29 10:35:00','2025-07-29 10:35:00','VISIBLE'),(69,'매콤한 닭발','매운 닭발 먹고 스트레스 해소 완료!',NULL,'qqq',0,0,'food','2025-07-29 10:40:00','2025-07-29 10:40:00','VISIBLE'),(70,'달콤한 케이크','친구 생일에 만든 케이크가 대박이었어요.',NULL,'rrr',0,0,'food','2025-07-29 10:45:00','2025-07-29 10:45:00','VISIBLE'),(71,'바삭한 감자칩','직접 만든 바삭한 감자칩이 인기 만점!',NULL,'sss',0,0,'food','2025-07-29 10:50:00','2025-07-29 10:50:00','VISIBLE'),(72,'시원한 수박주스','더운 날씨에 수박주스 한 잔이 최고였어요.',NULL,'ttt',0,0,'food','2025-07-29 10:55:00','2025-07-29 10:55:00','VISIBLE'),(73,'매콤한 김치볶음밥','김치볶음밥에 매콤함을 더했어요.',NULL,'uuu',0,0,'food','2025-07-29 11:00:00','2025-07-29 11:00:00','VISIBLE'),(74,'달콤한 초코 아이스크림','여름 별미 초코 아이스크림 먹었어요.',NULL,'vvv',0,0,'food','2025-07-29 11:05:00','2025-07-29 11:05:00','VISIBLE'),(75,'고소한 땅콩버터','아침 식사에 땅콩버터 발라 먹었어요.',NULL,'www',0,0,'food','2025-07-29 11:10:00','2025-07-29 11:10:00','VISIBLE'),(76,'신선한 연어회','연어회를 집에서 즐겼는데 입에서 살살 녹았어요.',NULL,'xxx',0,0,'food','2025-07-30 10:00:00','2025-07-30 10:00:00','VISIBLE'),(77,'매콤한 떡볶이','오늘도 매운 떡볶이로 스트레스 해소!',NULL,'yyy',0,0,'food','2025-07-30 10:05:00','2025-07-30 10:05:00','VISIBLE'),(78,'담백한 두부찌개','두부찌개가 이렇게 맛있을 줄 몰랐어요.',NULL,'zzz',0,0,'food','2025-07-30 10:10:00','2025-07-30 10:10:00','VISIBLE'),(79,'바삭한 치킨','치킨은 언제 먹어도 맛있어요!',NULL,'aaa',0,0,'food','2025-07-30 10:15:00','2025-07-30 10:15:00','VISIBLE'),(80,'신선한 과일 샐러드','과일 가득 샐러드로 상큼하게 하루 시작!',NULL,'bbb',0,0,'food','2025-07-30 10:20:00','2025-07-30 10:20:00','VISIBLE'),(81,'달콤한 팬케이크','주말 브런치로 팬케이크 만들었어요.',NULL,'ccc',0,0,'food','2025-07-30 10:25:00','2025-07-30 10:25:00','VISIBLE'),(82,'매운 불닭볶음면','불닭볶음면 먹고 매운맛 도전 성공!',NULL,'ddd',0,0,'food','2025-07-30 10:30:00','2025-07-30 10:30:00','VISIBLE'),(83,'고소한 감자튀김','감자튀김 바삭하게 튀기기 팁 공유!',NULL,'eee',0,0,'food','2025-07-30 10:35:00','2025-07-30 10:35:00','VISIBLE'),(84,'시원한 냉면','더운 날엔 냉면이 최고죠.',NULL,'fff',0,0,'food','2025-07-30 10:40:00','2025-07-30 10:40:00','VISIBLE'),(85,'달콤한 아이스크림','여름 별미 아이스크림으로 무더위 탈출!',NULL,'ggg',0,0,'food','2025-07-30 10:45:00','2025-07-30 10:45:00','VISIBLE'),(86,'담백한 된장찌개','구수한 된장찌개로 속을 달랬어요.',NULL,'hhh',0,0,'food','2025-07-30 10:50:00','2025-07-30 10:50:00','VISIBLE'),(87,'바삭한 전','부침개 바삭하게 부치기 성공!',NULL,'iii',0,0,'food','2025-07-30 10:55:00','2025-07-30 10:55:00','VISIBLE'),(88,'매콤한 오징어볶음','오징어볶음 매콤하게 만들어 봤어요.',NULL,'jjj',0,0,'food','2025-07-30 11:00:00','2025-07-30 11:00:00','VISIBLE'),(89,'달콤한 딸기잼','직접 만든 딸기잼으로 아침 식사 완성!',NULL,'kkk',0,0,'food','2025-07-30 11:05:00','2025-07-30 11:05:00','VISIBLE'),(90,'고소한 땅콩버터','고소한 땅콩버터와 토스트 환상 조합!',NULL,'lll',0,0,'food','2025-07-30 11:10:00','2025-07-30 11:10:00','VISIBLE'),(91,'신선한 회','싱싱한 회를 먹으러 다녀왔어요. 입에서 녹네요.',NULL,'mmm',0,0,'food','2025-07-31 10:00:00','2025-07-31 10:00:00','VISIBLE'),(92,'담백한 순두부찌개','부드러운 순두부와 얼큰한 국물이 잘 어울렸어요.',NULL,'nnn',0,0,'food','2025-07-31 10:05:00','2025-07-31 10:05:00','VISIBLE'),(93,'매콤한 제육볶음','매콤한 제육볶음으로 밥 한 공기 뚝딱!',NULL,'ooo',0,0,'food','2025-07-31 10:10:00','2025-07-31 10:10:00','VISIBLE'),(94,'달콤한 팬케이크','부드럽고 촉촉한 팬케이크로 아침을 시작했어요.',NULL,'ppp',0,0,'food','2025-07-31 10:15:00','2025-07-31 10:15:00','VISIBLE'),(95,'바삭한 감자튀김','감자튀김 바삭하게 튀기기 성공!',NULL,'qqq',0,0,'food','2025-07-31 10:20:00','2025-07-31 10:20:00','VISIBLE'),(96,'시원한 냉면','더운 날씨에 냉면 한 그릇 최고!',NULL,'rrr',0,0,'food','2025-07-31 10:25:00','2025-07-31 10:25:00','VISIBLE'),(97,'매콤한 닭볶음탕','얼큰한 닭볶음탕이 생각날 때 딱 좋은 요리였어요.',NULL,'sss',0,0,'food','2025-07-31 10:30:00','2025-07-31 10:30:00','VISIBLE'),(98,'고소한 감자전','바삭하게 부친 감자전으로 간식 준비 완료.',NULL,'ttt',0,0,'food','2025-07-31 10:35:00','2025-07-31 10:35:00','VISIBLE'),(99,'달콤한 딸기 케이크','친구 생일에 먹은 딸기 케이크가 정말 맛있었어요.',NULL,'uuu',0,0,'food','2025-07-31 10:40:00','2025-07-31 10:40:00','VISIBLE'),(100,'매운 떡볶이','매운 떡볶이 먹고 스트레스 확 날렸어요.',NULL,'vvv',0,0,'food','2025-07-31 10:45:00','2025-07-31 10:45:00','VISIBLE'),(101,'신선한 과일 샐러드','과일 가득 샐러드로 상큼하게 하루 시작!',NULL,'www',0,0,'food','2025-07-31 10:50:00','2025-07-31 10:50:00','VISIBLE'),(102,'바삭한 전','부침개 바삭하게 부치기 성공!',NULL,'xxx',0,0,'food','2025-07-31 10:55:00','2025-07-31 10:55:00','VISIBLE'),(103,'담백한 된장찌개','구수한 된장찌개로 속을 달랬어요.',NULL,'yyy',0,0,'food','2025-07-31 11:00:00','2025-07-31 11:00:00','VISIBLE'),(104,'달콤한 딸기잼','직접 만든 딸기잼으로 아침 식사 완성!',NULL,'zzz',0,0,'food','2025-07-31 11:05:00','2025-07-31 11:05:00','VISIBLE'),(105,'고소한 땅콩버터','고소한 땅콩버터와 토스트 환상 조합!',NULL,'aaa',0,0,'food','2025-07-31 11:10:00','2025-07-31 11:10:00','VISIBLE'),(106,'신선한 회 덮밥','싱싱한 회와 밥의 조화가 입맛을 돋웠어요.',NULL,'bbb',0,0,'food','2025-08-01 10:00:00','2025-08-01 10:00:00','VISIBLE'),(107,'매콤한 닭갈비','매운 닭갈비가 생각날 때 딱 좋은 요리였어요.',NULL,'ccc',0,0,'food','2025-08-01 10:05:00','2025-08-01 10:05:00','VISIBLE'),(108,'달콤한 팬케이크','부드럽고 촉촉한 팬케이크로 아침을 시작했어요.',NULL,'ddd',0,0,'food','2025-08-01 10:10:00','2025-08-01 10:10:00','VISIBLE'),(109,'바삭한 감자튀김','바삭하게 튀긴 감자튀김으로 간식 준비 완료!',NULL,'eee',0,0,'food','2025-08-01 10:15:00','2025-08-01 10:15:00','VISIBLE'),(110,'시원한 냉면','더운 여름, 시원한 냉면 한 그릇 먹었어요.',NULL,'fff',0,0,'food','2025-08-01 10:20:00','2025-08-01 10:20:00','VISIBLE'),(111,'고소한 치즈 떡볶이','치즈 듬뿍 올린 떡볶이로 든든한 한 끼.',NULL,'ggg',0,0,'food','2025-08-01 10:25:00','2025-08-01 10:25:00','VISIBLE'),(112,'담백한 순두부찌개','부드럽고 얼큰한 순두부찌개로 몸도 마음도 따뜻해졌어요.',NULL,'hhh',0,0,'food','2025-08-01 10:30:00','2025-08-01 10:30:00','VISIBLE'),(113,'매콤한 오징어볶음','매콤한 오징어볶음으로 밥도둑이 따로 없네요.',NULL,'iii',0,0,'food','2025-08-01 10:35:00','2025-08-01 10:35:00','VISIBLE'),(114,'달콤한 고구마 맛탕','달콤한 시럽에 버무린 고구마 맛탕이 일품이에요.',NULL,'jjj',0,0,'food','2025-08-01 10:40:00','2025-08-01 10:40:00','VISIBLE'),(115,'바삭한 전','김치전과 감자전 바삭하게 부쳐서 맛있게 먹었어요.',NULL,'kkk',0,0,'food','2025-08-01 10:45:00','2025-08-01 10:45:00','VISIBLE'),(116,'신선한 과일 샐러드','신선한 과일과 요거트가 어우러진 건강한 샐러드.',NULL,'lll',0,0,'food','2025-08-01 10:50:00','2025-08-01 10:50:00','VISIBLE'),(117,'달콤한 딸기 아이스크림','여름철 별미 딸기 아이스크림으로 무더위 극복!',NULL,'mmm',0,0,'food','2025-08-01 10:55:00','2025-08-01 10:55:00','VISIBLE'),(118,'매콤한 닭발','매운 닭발로 스트레스 확 날렸어요.',NULL,'nnn',0,0,'food','2025-08-01 11:00:00','2025-08-01 11:00:00','VISIBLE'),(119,'고소한 땅콩버터 토스트','땅콩버터 바른 토스트로 든든한 아침.',NULL,'ooo',0,0,'food','2025-08-01 11:05:00','2025-08-01 11:05:00','VISIBLE'),(120,'시원한 콩국수','여름철 별미 콩국수로 시원한 한 끼 즐겼어요.',NULL,'ppp',0,0,'food','2025-08-01 11:10:00','2025-08-01 11:10:00','VISIBLE');
/*!40000 ALTER TABLE `board_food` ENABLE KEYS */;
UNLOCK TABLES;

--
-- Table structure for table `board_food_comments`
--

DROP TABLE IF EXISTS `board_food_comments`;
/*!40101 SET @saved_cs_client     = @@character_set_client */;
/*!50503 SET character_set_client = utf8mb4 */;
CREATE TABLE `board_food_comments` (
  `id` int NOT NULL AUTO_INCREMENT,
  `board_id` int NOT NULL,
  `parent_id` int DEFAULT NULL,
  `author` varchar(255) NOT NULL,
  `content` tinytext NOT NULL,
  `created_at` datetime DEFAULT CURRENT_TIMESTAMP,
  `status` enum('VISIBLE','DELETED','PRIVATE','BLOCKED') DEFAULT 'VISIBLE',
  PRIMARY KEY (`id`),
  KEY `board_food_comments_ibfk_1_idx` (`board_id`),
  KEY `board_food_comments_ibfk_2_idx` (`author`),
  CONSTRAINT `board_food_comments_ibfk_1` FOREIGN KEY (`board_id`) REFERENCES `board_food` (`id`) ON DELETE CASCADE,
  CONSTRAINT `board_food_comments_ibfk_2` FOREIGN KEY (`author`) REFERENCES `user_auth` (`username`) ON DELETE CASCADE
) ENGINE=InnoDB AUTO_INCREMENT=208 DEFAULT CHARSET=utf8mb4 COLLATE=utf8mb4_0900_ai_ci;
/*!40101 SET character_set_client = @saved_cs_client */;

--
-- Dumping data for table `board_food_comments`
--

LOCK TABLES `board_food_comments` WRITE;
/*!40000 ALTER TABLE `board_food_comments` DISABLE KEYS */;
INSERT INTO `board_food_comments` VALUES (11,1,NULL,'bbb','와 초밥 비주얼이 장난 아니네요! 혹시 상호명이랑 위치 정보 공유해주실 수 있나요?','2025-07-25 10:15:00','VISIBLE'),(12,1,NULL,'ccc','저도 궁금해요! 최근에 초밥이 너무 먹고 싶었는데 좋은 정보네요.','2025-07-25 10:20:00','VISIBLE'),(13,1,NULL,'ddd','저도 얼마 전에 가봤는데, 정말 맛있었어요! 추천합니다.','2025-07-25 10:25:00','VISIBLE'),(14,1,NULL,'eee','맞아요! 특히 런치 세트가 가성비가 좋았어요.','2025-07-25 10:30:00','VISIBLE'),(15,1,NULL,'fff','초밥 맛집이라니 메모해둬야겠네요. 감사합니다!','2025-07-25 10:35:00','VISIBLE'),(16,1,NULL,'ggg','사진 보니까 배가 너무 고파요 ㅠㅠㅠ','2025-07-25 10:40:00','VISIBLE'),(17,1,NULL,'hhh','위치라도 제발 알려주세요..!','2025-07-25 10:45:00','VISIBLE'),(18,1,NULL,'iii','포장도 되는지 아시나요?','2025-07-25 10:50:00','VISIBLE'),(19,1,NULL,'jjj','와 정말 맛있어 보이네요. 이번 주말에 가봐야겠어요.','2025-07-25 10:55:00','VISIBLE'),(20,1,NULL,'kkk','여기 가성비 좋다고 소문난 곳이에요! 글쓴이님도 알아보셨군요.','2025-07-25 11:00:00','VISIBLE'),(21,2,NULL,'lll','저도 매운 거 좋아하는데 어느 정도 매운맛인지 궁금해요. 불닭볶음면 정도인가요?','2025-07-25 10:20:00','VISIBLE'),(22,2,NULL,'mmm','와 저는 엄두도 못 내겠네요. ㅜㅜ','2025-07-25 10:25:00','VISIBLE'),(23,2,NULL,'nnn','보기만 해도 침이 고이네요. 스트레스 풀릴 것 같아요!','2025-07-25 10:30:00','VISIBLE'),(24,2,NULL,'ooo','매운 거 잘 드시는 분들 정말 존경합니다..','2025-07-25 10:35:00','VISIBLE'),(25,2,NULL,'ppp','혹시 청양고추도 들어가나요?','2025-07-25 10:40:00','VISIBLE'),(26,2,NULL,'qqq','매운 음식 먹고 싶을 때마다 이 글 보러 와야겠어요.','2025-07-25 10:45:00','VISIBLE'),(27,3,NULL,'rrr','김치찌개 정말 먹음직스러워요! 비법 좀 더 알려주실 수 있나요?','2025-07-25 10:30:00','VISIBLE'),(28,3,NULL,'sss','묵은 김치.. 역시 비법이었군요! 저도 한번 도전해봐야겠어요.','2025-07-25 10:35:00','VISIBLE'),(29,3,NULL,'ttt','이건 제가 단 댓글이 아닙니다.','2025-07-25 10:40:00','DELETED'),(30,3,NULL,'uuu','돼지고기 넣고 푹 끓이면 정말 맛있더라고요.','2025-07-25 10:45:00','VISIBLE'),(31,3,NULL,'vvv','맞아요. 저희 집은 참치 넣는데 그것도 맛있어요!','2025-07-25 10:50:00','VISIBLE'),(32,4,NULL,'www','야키니쿠 정말 좋아하는데, 어디인지 정보 부탁드려도 될까요?','2025-07-25 10:45:00','VISIBLE'),(33,4,NULL,'xxx','고기가 정말 부드러워 보이네요. 사진만 봐도 군침이...','2025-07-25 10:50:00','VISIBLE'),(34,4,NULL,'yyy','여기 소스가 정말 기가 막히죠! 저도 추천해요.','2025-07-25 10:55:00','VISIBLE'),(35,4,NULL,'zzz','고기 먹고 싶을 때 찾아와야겠어요.','2025-07-25 11:00:00','VISIBLE'),(36,13,NULL,'bbb','비법이라니! 혹시 에어프라이어로도 가능한가요?','2025-07-25 11:05:00','VISIBLE'),(37,13,NULL,'ccc','저도 에어프라이어에 궁금해요. 바삭하게 안 돼서 아쉬웠는데..','2025-07-25 11:10:00','VISIBLE'),(38,13,NULL,'ddd','치킨은 언제나 옳아요! 사진만 봐도 바삭함이 느껴지네요.','2025-07-25 11:15:00','VISIBLE'),(39,13,NULL,'eee','야식으로 치킨 시켜야겠어요. 책임지세요! ㅠㅠ','2025-07-25 11:20:00','VISIBLE'),(40,13,NULL,'fff','노하우 공유해주시면 정말 감사하겠습니다.','2025-07-25 11:25:00','VISIBLE'),(41,13,NULL,'ggg','여기 치킨집 어딘가요? 너무 맛있어 보여요.','2025-07-25 11:30:00','VISIBLE'),(42,13,NULL,'hhh','치킨 튀김옷이 정말 예술이네요.','2025-07-25 11:35:00','VISIBLE'),(43,16,NULL,'iii','보기만 해도 시원하네요! 올여름 첫 수박이신가요?','2025-07-26 10:10:00','VISIBLE'),(44,16,NULL,'jjj','저도 오늘 수박 한 통 사러 가야겠어요!','2025-07-26 10:15:00','VISIBLE'),(45,16,NULL,'kkk','맛있고 달콤한 수박으로 겟하세요!','2025-07-26 10:20:00','VISIBLE'),(46,16,NULL,'lll','수박 보니 여름이 왔다는 게 실감 나네요. 정말 맛있어 보여요!','2025-07-26 10:25:00','VISIBLE'),(47,16,NULL,'mmm','좋은 수박 고르는 법은 따로 없나요?','2025-07-26 10:30:00','VISIBLE'),(48,16,NULL,'nnn','저도 어제 수박 먹었는데 너무 달아서 깜짝 놀랐어요.','2025-07-26 10:35:00','VISIBLE'),(49,16,NULL,'ooo','수박 냄새도 정말 좋아요!','2025-07-26 10:40:00','VISIBLE'),(50,16,NULL,'ppp','저도 수박 먹고 싶네요. ㅠㅠ','2025-07-26 10:45:00','VISIBLE'),(51,25,NULL,'qqq','제육볶음은 정말 밥도둑이죠! 양념이 맛있어 보여요.','2025-07-26 10:45:00','VISIBLE'),(52,25,NULL,'rrr','저녁 메뉴로 제육볶음 고민 중이었는데 덕분에 결정했어요!','2025-07-26 10:50:00','VISIBLE'),(53,25,NULL,'sss','매콤한 제육볶음에 상추쌈은 진리입니다.','2025-07-26 10:55:00','VISIBLE'),(54,25,NULL,'ttt','양념 비법 좀 공유해주세요!','2025-07-26 11:00:00','VISIBLE'),(55,25,NULL,'uuu','공기밥 두 공기 예약입니다.','2025-07-26 11:05:00','VISIBLE'),(56,31,NULL,'vvv','회 너무 좋아하는데, 어디인지 알려주실 수 있을까요?','2025-07-27 10:10:00','VISIBLE'),(57,31,NULL,'www','여름이라 걱정했는데 신선하다고 하니 믿고 갈 수 있겠네요.','2025-07-27 10:15:00','VISIBLE'),(58,31,NULL,'xxx','회는 언제 먹어도 질리지 않는 것 같아요.','2025-07-27 10:20:00','VISIBLE'),(59,31,NULL,'yyy','사진만 봐도 신선함이 느껴지네요. 군침이 돕니다!','2025-07-27 10:25:00','VISIBLE'),(60,31,NULL,'zzz','매운탕도 맛있을 것 같아요.','2025-07-27 10:30:00','VISIBLE'),(61,46,NULL,'aaa','참치회 덮밥 정말 맛있어 보여요! 제가 가장 좋아하는 메뉴예요.','2025-07-28 10:10:00','VISIBLE'),(62,46,NULL,'bbb','회덮밥에 야채도 신선해 보여요. 정말 맛있을 것 같네요.','2025-07-28 10:15:00','VISIBLE'),(63,46,NULL,'ccc','맞아요! 입맛 없을 때 한 그릇 뚝딱하기 좋은 메뉴죠.','2025-07-28 10:20:00','VISIBLE'),(64,46,NULL,'ddd','점심 메뉴로 딱이네요!','2025-07-28 10:25:00','VISIBLE'),(65,5,NULL,'eee','드레싱도 직접 만드셨다니 대단해요! 레시피 공유해주실 수 있나요?','2025-07-25 10:25:00','VISIBLE'),(66,6,NULL,'fff','된장은 역시 좋은 걸 써야 제맛이죠! 혹시 어떤 된장을 쓰셨는지 여쭤봐도 될까요?','2025-07-25 10:30:00','VISIBLE'),(67,7,NULL,'ggg','어느 카페인가요? 사진만 봐도 너무 맛있어 보여요!','2025-07-25 10:35:00','VISIBLE'),(68,8,NULL,'hhh','김밥은 손이 많이 가지만 만들고 나면 뿌듯하죠. 가족들이 좋아했을 것 같아요!','2025-07-25 10:40:00','VISIBLE'),(69,9,NULL,'iii','저도 달고나 커피 만들어봤는데 팔이 너무 아파서 포기했어요.. 성공하셨다니 대단해요!','2025-07-25 10:50:00','VISIBLE'),(70,10,NULL,'jjj','고등어 구이는 언제 먹어도 맛있죠! 냄새 때문에 집에서 잘 안 하는데 노하우가 있으신가요?','2025-07-25 10:50:00','VISIBLE'),(71,11,NULL,'kkk','육수 맛이 정말 궁금하네요. 저는 비냉파인데 물냉도 끌려요!','2025-07-25 10:55:00','VISIBLE'),(72,12,NULL,'lll','여름엔 역시 망고빙수가 최고죠! 보기만 해도 시원해지네요.','2025-07-25 11:00:00','VISIBLE'),(73,14,NULL,'mmm','오이무침 정말 맛있어 보여요. 매콤달콤한 양념 비법 좀 알려주세요!','2025-07-25 11:10:00','VISIBLE'),(74,15,NULL,'nnn','고구마 맛탕은 정말 실패하기 쉬운데 성공하셨다니 부러워요.','2025-07-25 11:15:00','VISIBLE'),(75,17,NULL,'ooo','부대찌개는 언제나 진리죠! 햄 종류도 많아서 더 맛있을 것 같아요.','2025-07-26 10:10:00','VISIBLE'),(76,18,NULL,'ppp','된장국 레시피 감사합니다! 바쁜 아침에 유용하게 쓸 수 있겠어요.','2025-07-26 10:15:00','VISIBLE'),(77,19,NULL,'qqq','어딘지 궁금하네요! 친구들과 가기 좋은 곳이면 바로 가봐야겠어요.','2025-07-26 10:20:00','VISIBLE'),(78,20,NULL,'rrr','건강한 한 끼네요! 아보카도랑 채소가 신선해 보여요.','2025-07-26 10:25:00','VISIBLE'),(79,21,NULL,'sss','와! 저도 냉장고에 남은 재료가 많은데 팁 좀 얻어갈 수 있을까요?','2025-07-26 10:30:00','VISIBLE'),(80,22,NULL,'ttt','참치김밥에 참치가 듬뿍 들어있어 보여서 너무 좋아요!','2025-07-26 10:35:00','VISIBLE'),(81,23,NULL,'uuu','고구마 찜은 속이 촉촉해야 맛있죠!','2025-07-26 10:40:00','VISIBLE'),(82,24,NULL,'vvv','와, 저녁 메뉴로 제육볶음 고민 중이었는데 딱이네요!','2025-07-26 10:45:00','VISIBLE'),(83,26,NULL,'www','감자조림은 밥 반찬으로 최고죠! 아이들도 좋아할 것 같아요.','2025-07-26 10:55:00','VISIBLE'),(84,27,NULL,'xxx','더운 여름엔 콩국수 한 그릇이 최고죠. 시원해 보여요!','2025-07-26 11:00:00','VISIBLE'),(85,28,NULL,'yyy','팬케이크 정말 부드러워 보이네요. 아침 식사로 최고일 것 같아요.','2025-07-26 11:05:00','VISIBLE'),(86,29,NULL,'zzz','감자튀김 노하우 좀 공유해주세요! 집에서 만들면 항상 눅눅해져서..','2025-07-26 11:10:00','VISIBLE'),(87,30,NULL,'aaa','딸기잼 직접 만드시다니 대단해요! 신선함이 느껴지네요.','2025-07-26 11:15:00','VISIBLE'),(88,32,NULL,'bbb','참치 샐러드 너무 맛있어 보여요. 건강한 한 끼로 딱이네요.','2025-07-27 10:10:00','VISIBLE'),(89,33,NULL,'ccc','닭볶음탕은 역시 얼큰해야 제맛이죠!','2025-07-27 10:15:00','VISIBLE'),(90,34,NULL,'ddd','아침에 바나나 스무디 한 잔으로 상큼하게 시작하면 좋을 것 같아요.','2025-07-27 10:20:00','VISIBLE'),(91,35,NULL,'ddd','떡국 떡 직접 만드시다니 대단하세요. 손이 많이 갈 것 같은데..','2025-07-27 10:25:00','VISIBLE'),(92,35,NULL,'eee','정성이 대단하시네요! 맛있었을 것 같아요.','2025-07-27 10:28:00','VISIBLE'),(93,36,NULL,'fff','고기 반찬은 언제나 환영이죠! 어떤 고기 반찬인지 궁금하네요.','2025-07-27 10:30:00','VISIBLE'),(94,37,NULL,'ggg','순두부찌개는 언제 먹어도 부드럽고 맛있죠.','2025-07-27 10:35:00','VISIBLE'),(95,38,NULL,'hhh','바삭한 감자전은 비 오는 날에 딱이죠!','2025-07-27 10:40:00','VISIBLE'),(96,38,NULL,'iii','감자 갈아서 만드신 건가요? 꿀팁이 궁금해요!','2025-07-27 10:45:00','VISIBLE'),(97,39,NULL,'jjj','건강을 위해 저도 신선한 채소 많이 먹으려고 노력 중이에요.','2025-07-27 10:45:00','VISIBLE'),(98,40,NULL,'kkk','비 오는 날엔 역시 김치전이 최고죠!','2025-07-27 10:50:00','VISIBLE'),(99,40,NULL,'lll','막걸리랑 김치전 조합은 사랑입니다.','2025-07-27 10:55:00','VISIBLE'),(100,41,NULL,'mmm','여름에는 역시 오이냉국이 최고죠! 레시피 알려주세요!','2025-07-27 10:55:00','VISIBLE'),(101,42,NULL,'nnn','딸기 케이크 너무 맛있어 보여요. 생일 축하해요!','2025-07-27 11:00:00','VISIBLE'),(102,42,NULL,'ooo','와, 직접 만드신 건가요? 비주얼이 대단하네요!','2025-07-27 11:05:00','VISIBLE'),(103,43,NULL,'ppp','겉바속촉 고로케라니! 정말 맛있을 것 같아요.','2025-07-27 11:10:00','VISIBLE'),(104,44,NULL,'qqq','매운 떡볶이는 스트레스 해소에 최고죠!','2025-07-27 11:15:00','VISIBLE'),(105,45,NULL,'rrr','꿀 바른 토스트와 커피 한 잔이면 기분 좋은 아침 시작이네요.','2025-07-27 11:20:00','VISIBLE'),(106,47,NULL,'sss','노릇노릇하게 잘 구워졌네요. 밥 한 그릇 뚝딱하겠어요.','2025-07-28 10:10:00','VISIBLE'),(107,47,NULL,'ttt','고등어는 노릇노릇하게 구워야 제맛이죠! 침이 고이네요.','2025-07-28 10:15:00','VISIBLE'),(108,48,NULL,'uuu','무생채 정말 맛있어 보여요. 입맛 없을 때 최고죠.','2025-07-28 10:15:00','VISIBLE'),(109,49,NULL,'vvv','밥도둑 인정! 매콤한 양념에 밥 비벼 먹으면 최고예요.','2025-07-28 10:20:00','VISIBLE'),(110,50,NULL,'www','시원한 콩나물국 보니 해장하고 싶네요. ㅋㅋㅋ','2025-07-28 10:25:00','VISIBLE'),(111,51,NULL,'xxx','바삭하고 촉촉한 닭튀김이 간식으로 최고였어요.','2025-07-28 10:30:00','VISIBLE'),(112,52,NULL,'yyy','호박죽은 아플 때 먹으면 속이 편해서 좋아요.','2025-07-28 10:35:00','VISIBLE'),(113,53,NULL,'zzz','오징어볶음 정말 맛있어 보여요! 밥도둑 인정!','2025-07-28 10:40:00','VISIBLE'),(114,54,NULL,'aaa','두부조림은 밥 반찬으로 정말 최고죠.','2025-07-28 10:45:00','VISIBLE'),(115,55,NULL,'bbb','건강 간식으로 딱이네요! 당근 스틱은 드레싱 뭘 찍어 먹나요?','2025-07-28 10:50:00','VISIBLE'),(116,56,NULL,'ccc','블루베리 요거트 정말 상큼해 보여요! 아침 식사로 딱이네요.','2025-07-28 10:55:00','VISIBLE'),(117,57,NULL,'ddd','참기름 냉국수라니! 독특하면서도 시원할 것 같아요.','2025-07-28 11:00:00','VISIBLE'),(118,58,NULL,'eee','양념치킨은 언제 먹어도 맛있죠! 야식으로 최고!','2025-07-28 11:05:00','VISIBLE'),(119,59,NULL,'fff','계란찜 정말 부드러워 보이네요. 밥 반찬으로 좋아요.','2025-07-28 11:10:00','VISIBLE'),(120,60,NULL,'ggg','토마토 샐러드 정말 맛있어 보이네요. 상큼할 것 같아요.','2025-07-28 11:15:00','VISIBLE'),(121,61,NULL,'hhh','다이어트 중인데 좋은 정보 감사합니다! 레시피도 공유해주세요.','2025-07-29 10:15:00','VISIBLE'),(122,61,NULL,'iii','닭가슴살 샐러드에 드레싱은 뭘 쓰셨나요?','2025-07-29 10:20:00','VISIBLE'),(123,62,NULL,'jjj','고구마튀김은 사랑이죠! 겉바속촉이라니 정말 맛있겠어요.','2025-07-29 10:10:00','VISIBLE'),(124,63,NULL,'kkk','아삭한 식감이 여기까지 느껴지는 것 같아요.','2025-07-29 10:15:00','VISIBLE'),(125,64,NULL,'lll','떡꼬치 보니 학창 시절 추억이 떠오르네요.','2025-07-29 10:20:00','VISIBLE'),(126,65,NULL,'mmm','와플은 언제나 옳죠! 주말 브런치로 딱이네요.','2025-07-29 10:25:00','VISIBLE'),(127,65,NULL,'nnn','와플 기계 하나 사야 할 것 같아요. 너무 먹고 싶네요.','2025-07-29 10:30:00','VISIBLE'),(128,66,NULL,'ooo','고소한 땅콩 스낵은 맥주 안주로도 좋을 것 같아요!','2025-07-29 10:30:00','VISIBLE'),(129,67,NULL,'ppp','여름에 오이 샐러드는 정말 시원하고 좋죠.','2025-07-29 10:35:00','VISIBLE'),(130,68,NULL,'qqq','두부 스테이크는 다이어트식으로도 좋을 것 같아요.','2025-07-29 10:40:00','VISIBLE'),(131,69,NULL,'rrr','매운 닭발 먹고 스트레스 확 날려버리고 싶네요!','2025-07-29 10:45:00','VISIBLE'),(132,70,NULL,'sss','친구 생일 축하해요! 케이크 정말 예쁘네요.','2025-07-29 10:50:00','VISIBLE'),(133,71,NULL,'ttt','감자칩 직접 만드시다니 대단해요! 시판 감자칩보다 훨씬 건강할 것 같아요.','2025-07-29 10:55:00','VISIBLE'),(134,72,NULL,'uuu','수박주스 한 잔이면 더위가 싹 가실 것 같아요.','2025-07-29 11:00:00','VISIBLE'),(135,73,NULL,'vvv','김치볶음밥은 언제 먹어도 맛있죠. 매콤하게 만드셨다니 더 좋아요!','2025-07-29 11:05:00','VISIBLE'),(136,74,NULL,'www','여름엔 역시 초코 아이스크림이 최고죠!','2025-07-29 11:10:00','VISIBLE'),(137,75,NULL,'xxx','땅콩버터와 빵의 조합은 진리입니다. 아침 식사로 최고!','2025-07-29 11:15:00','VISIBLE'),(138,76,NULL,'yyy','연어회 정말 신선해 보여요! 어디서 구매하셨는지 여쭤봐도 될까요?','2025-07-30 10:05:00','VISIBLE'),(139,76,NULL,'zzz','입에서 살살 녹을 것 같네요. ㅠㅠ','2025-07-30 10:10:00','VISIBLE'),(140,77,NULL,'aaa','떡볶이... 언제 먹어도 맛있어요. 또 먹고 싶네요.','2025-07-30 10:10:00','VISIBLE'),(141,77,NULL,'bbb','매콤한 떡볶이 먹고 스트레스 확 풀고 싶네요.','2025-07-30 10:15:00','VISIBLE'),(142,78,NULL,'ccc','두부찌개는 역시 담백한 맛이 최고죠!','2025-07-30 10:15:00','VISIBLE'),(143,79,NULL,'ddd','치킨은 언제나 옳아요! 사진만 봐도 바삭함이 느껴지네요.','2025-07-30 10:20:00','VISIBLE'),(144,79,NULL,'eee','야식으로 치킨 시켜야겠어요. 책임지세요!','2025-07-30 10:25:00','VISIBLE'),(145,80,NULL,'fff','과일 샐러드로 상큼하게 하루 시작하면 기분 좋을 것 같아요!','2025-07-30 10:25:00','VISIBLE'),(146,81,NULL,'ggg','팬케이크는 주말 브런치로 최고죠. 부드러워 보여요.','2025-07-30 10:30:00','VISIBLE'),(147,82,NULL,'hhh','불닭볶음면 도전 성공이라니! 대단해요.','2025-07-30 10:35:00','VISIBLE'),(148,83,NULL,'iii','감자튀김 바삭하게 튀기는 팁 좀 알려주세요!','2025-07-30 10:40:00','VISIBLE'),(149,84,NULL,'jjj','더운 날엔 냉면이 최고죠. 시원해 보여요!','2025-07-30 10:45:00','VISIBLE'),(150,85,NULL,'kkk','여름 별미 아이스크림으로 무더위 탈출!','2025-07-30 10:50:00','VISIBLE'),(151,86,NULL,'lll','회덮밥에 야채도 신선해 보여요. 정말 맛있을 것 같네요.','2025-08-01 10:05:00','VISIBLE'),(152,86,NULL,'mmm','맞아요! 입맛 없을 때 한 그릇 뚝딱하기 좋은 메뉴죠.','2025-08-01 10:10:00','VISIBLE'),(153,87,NULL,'nnn','닭갈비 정말 맛있어 보여요! 밥 비벼 먹고 싶네요.','2025-08-01 10:10:00','VISIBLE'),(154,88,NULL,'ooo','부드럽고 촉촉한 팬케이크로 하루 시작하면 기분 좋을 것 같아요.','2025-08-01 10:15:00','VISIBLE'),(155,89,NULL,'ppp','감자튀김 꿀팁 궁금해요! 집에서 만들면 항상 눅눅해져서..','2025-08-01 10:20:00','VISIBLE'),(156,90,NULL,'qqq','더운 날엔 역시 냉면이 최고죠. 육수 맛이 궁금하네요.','2025-08-01 10:25:00','VISIBLE'),(157,92,NULL,'bbb','순두부찌개는 언제 먹어도 부드럽고 맛있죠!','2025-07-31 10:20:00','VISIBLE'),(158,93,NULL,'ccc','제육볶음은 정말 밥도둑이죠! 군침이 도네요.','2025-07-31 10:25:00','VISIBLE'),(159,94,NULL,'ddd','팬케이크 정말 부드러워 보여요. 아침 식사로 최고일 것 같아요.','2025-07-31 10:30:00','VISIBLE'),(160,96,NULL,'eee','더운 날씨에 냉면 한 그릇 최고죠! 보기만 해도 시원해지네요.','2025-07-31 10:40:00','VISIBLE'),(161,97,NULL,'fff','얼큰한 닭볶음탕에 밥 비벼 먹고 싶네요.','2025-07-31 10:45:00','VISIBLE'),(162,98,NULL,'ggg','비 오는 날 감자전이 생각날 때 딱이네요!','2025-07-31 10:50:00','VISIBLE'),(163,99,NULL,'hhh','친구 생일 축하해요! 케이크 정말 예쁘네요.','2025-07-31 10:55:00','VISIBLE'),(164,101,NULL,'iii','과일 샐러드로 상큼하게 하루를 시작하셨군요!','2025-07-31 11:05:00','VISIBLE'),(165,102,NULL,'jjj','부침개 바삭하게 부치는 노하우 좀 알려주세요!','2025-07-31 11:10:00','VISIBLE'),(166,103,NULL,'kkk','구수한 된장찌개는 역시 집밥의 정석이죠.','2025-07-31 11:15:00','VISIBLE'),(167,104,NULL,'lll','직접 만든 딸기잼이라니! 정성이 대단하시네요.','2025-07-31 11:20:00','VISIBLE'),(168,105,NULL,'mmm','고소한 땅콩버터와 토스트 조합은 정말 최고죠!','2025-07-31 11:25:00','VISIBLE'),(169,106,NULL,'nnn','회덮밥 정말 신선해 보여요. 점심 메뉴로 딱이네요.','2025-08-01 10:15:00','VISIBLE'),(170,107,NULL,'ooo','매콤한 닭갈비에 볶음밥까지 먹으면 완벽!','2025-08-01 10:20:00','VISIBLE'),(171,108,NULL,'ppp','팬케이크 정말 부드러워 보이네요. 꿀팁 좀 알려주세요.','2025-08-01 10:25:00','VISIBLE'),(172,109,NULL,'qqq','감자튀김은 역시 바삭한 게 최고죠!','2025-08-01 10:30:00','VISIBLE'),(173,110,NULL,'rrr','더운 여름, 냉면 한 그릇이면 충분하죠.','2025-08-01 10:35:00','VISIBLE'),(174,111,NULL,'sss','치즈 듬뿍이라니.. 정말 맛있을 것 같아요!','2025-08-01 10:40:00','VISIBLE'),(175,112,NULL,'ttt','순두부찌개 정말 먹음직스러워요. 속이 든든할 것 같아요.','2025-08-01 10:45:00','VISIBLE'),(176,113,NULL,'uuu','오징어볶음 보니 밥 한 공기 더 먹어야겠네요.','2025-08-01 10:50:00','VISIBLE'),(177,114,NULL,'vvv','고구마 맛탕 정말 좋아하는데! 맛있어 보여요.','2025-08-01 10:55:00','VISIBLE'),(178,115,NULL,'www','비 오는 날 전이랑 막걸리 조합은 최고죠!','2025-08-01 11:00:00','VISIBLE'),(179,116,NULL,'xxx','건강한 한 끼네요! 보기만 해도 상큼해요.','2025-08-01 11:05:00','VISIBLE'),(180,117,NULL,'yyy','여름철엔 아이스크림이 필수죠. 맛있겠어요!','2025-08-01 11:10:00','VISIBLE'),(181,118,NULL,'zzz','매운 닭발에 맥주 한 잔 하고 싶네요.','2025-08-01 11:15:00','VISIBLE'),(182,119,NULL,'aaa','땅콩버터 토스트 정말 좋아하는데! 맛있어 보여요.','2025-08-01 11:20:00','VISIBLE'),(183,120,NULL,'bbb','여름철 별미 콩국수 정말 시원할 것 같아요!','2025-08-01 11:25:00','VISIBLE'),(184,91,NULL,'ddd','정말 맛있어 보여요! 혹시 횟집 상호명이나 위치를 알려주실 수 있나요?','2025-07-31 10:30:00','VISIBLE'),(185,91,NULL,'eee','회 정말 좋아하는데... 여름에도 안심하고 먹을 수 있는 곳이라니 좋네요!','2025-07-31 10:35:00','VISIBLE'),(186,91,NULL,'fff','와, 사진만 봐도 신선함이 느껴져요. ㅠㅠ 침 고이네요.','2025-07-31 10:40:00','VISIBLE'),(187,91,NULL,'ggg','매운탕도 맛있었는지 궁금해요!','2025-07-31 10:45:00','VISIBLE'),(188,91,NULL,'hhh','여기 너무 유명한 곳이라 저도 가봤는데 정말 후회 안 하실 거예요!','2025-07-31 10:50:00','VISIBLE'),(189,91,NULL,'iii','저도 회 먹고 싶어요... 친구들 꼬셔서 가봐야겠네요.','2025-07-31 10:55:00','VISIBLE'),(190,91,NULL,'jjj','어딘지 알려주시면 안될까요? 정말 가보고 싶어요!','2025-07-31 11:00:00','VISIBLE'),(191,91,NULL,'kkk','여기 가성비가 진짜 최고예요!','2025-07-31 11:05:00','VISIBLE'),(192,95,NULL,'lll','감자튀김 바삭하게 튀기는 꿀팁은 없나요? 집에서 하면 항상 눅눅해져요.','2025-07-31 10:40:00','VISIBLE'),(193,95,NULL,'mmm','저도 그게 고민이었는데... 혹시 두 번 튀기셨나요?','2025-07-31 10:45:00','VISIBLE'),(194,95,NULL,'nnn','와 정말 바삭해 보여요! 맥주 안주로 딱이겠네요.','2025-07-31 10:50:00','VISIBLE'),(195,95,NULL,'ooo','맞아요, 두 번 튀기면 훨씬 바삭해요! 팁 공유 감사합니다.','2025-07-31 10:55:00','VISIBLE'),(196,95,NULL,'ppp','에어프라이어에 돌려도 이렇게 바삭하게 되나요?','2025-07-31 11:00:00','VISIBLE'),(197,95,NULL,'qqq','에어프라이어에 할 때 중간에 한 번 흔들어주면 더 바삭하게 돼요!','2025-07-31 11:05:00','VISIBLE'),(198,95,NULL,'rrr','케첩 말고 다른 소스랑도 잘 어울릴 것 같아요!','2025-07-31 11:10:00','VISIBLE'),(199,95,NULL,'sss','감자튀김은 역시 갓 튀겨냈을 때가 최고죠!','2025-07-31 11:15:00','VISIBLE'),(200,100,NULL,'ttt','매운 떡볶이 보니 스트레스가 확 풀리는 느낌이에요. 정말 맛있어 보여요!','2025-07-31 11:10:00','VISIBLE'),(201,100,NULL,'uuu','어느 정도 매운맛인가요? 엽떡 정도 될까요?','2025-07-31 11:15:00','VISIBLE'),(202,100,NULL,'vvv','매운 거 잘 못 먹는데도 이건 먹어보고 싶네요. 비주얼이 최고예요.','2025-07-31 11:20:00','VISIBLE'),(203,100,NULL,'www','엽떡보다 덜 맵지만 맛있게 매워서 계속 먹게 되는 맛이에요!','2025-07-31 11:25:00','VISIBLE'),(204,100,NULL,'xxx','떡볶이에 튀김이랑 순대까지 같이 먹으면 완벽할 것 같아요!','2025-07-31 11:30:00','VISIBLE'),(205,100,NULL,'yyy','점심에 떡볶이 먹으러 가야겠어요. ㅠㅠ','2025-07-31 11:35:00','VISIBLE'),(206,100,NULL,'zzz','매운 음식 킬러인 저는 환장할 비주얼이네요!','2025-07-31 11:40:00','VISIBLE'),(207,100,NULL,'aaa','쿨피스 필수겠네요. ㅋㅋㅋ','2025-07-31 11:45:00','VISIBLE');
/*!40000 ALTER TABLE `board_food_comments` ENABLE KEYS */;
UNLOCK TABLES;

--
-- Table structure for table `board_food_recommend`
--

DROP TABLE IF EXISTS `board_food_recommend`;
/*!40101 SET @saved_cs_client     = @@character_set_client */;
/*!50503 SET character_set_client = utf8mb4 */;
CREATE TABLE `board_food_recommend` (
  `id` int NOT NULL AUTO_INCREMENT,
  `board_id` int DEFAULT NULL,
  `username` varchar(255) DEFAULT NULL,
  `is_active` bit(1) DEFAULT b'1',
  `created_at` datetime DEFAULT CURRENT_TIMESTAMP,
  `updated_at` datetime DEFAULT CURRENT_TIMESTAMP,
  PRIMARY KEY (`id`),
  UNIQUE KEY `uq_board_user` (`board_id`,`username`),
  KEY `board_food_recommend_ibfk_1_idx` (`board_id`),
  KEY `board_food_recommend_ibfk_2_idx` (`username`),
  CONSTRAINT `board_food_recommend_ibfk_1` FOREIGN KEY (`board_id`) REFERENCES `board_food` (`id`) ON DELETE CASCADE,
  CONSTRAINT `board_food_recommend_ibfk_2` FOREIGN KEY (`username`) REFERENCES `user_auth` (`username`) ON DELETE CASCADE
) ENGINE=InnoDB AUTO_INCREMENT=88 DEFAULT CHARSET=utf8mb4 COLLATE=utf8mb4_0900_ai_ci;
/*!40101 SET character_set_client = @saved_cs_client */;

--
-- Dumping data for table `board_food_recommend`
--

LOCK TABLES `board_food_recommend` WRITE;
/*!40000 ALTER TABLE `board_food_recommend` DISABLE KEYS */;
INSERT INTO `board_food_recommend` VALUES (1,1,'aaa',_binary '','2025-07-25 10:30:00','2025-07-25 10:30:00'),(2,1,'bbb',_binary '','2025-07-25 10:31:00','2025-07-25 10:31:00'),(3,1,'ccc',_binary '','2025-07-25 10:32:00','2025-07-25 10:32:00'),(4,1,'ddd',_binary '','2025-07-25 10:33:00','2025-07-25 10:33:00'),(5,1,'eee',_binary '','2025-07-25 10:34:00','2025-07-25 10:34:00'),(6,1,'fff',_binary '','2025-07-25 10:35:00','2025-07-25 10:35:00'),(7,1,'ggg',_binary '','2025-07-25 10:36:00','2025-07-25 10:36:00'),(8,1,'hhh',_binary '','2025-07-25 10:37:00','2025-07-25 10:37:00'),(9,1,'iii',_binary '','2025-07-25 10:38:00','2025-07-25 10:38:00'),(10,1,'jjj',_binary '','2025-07-25 10:39:00','2025-07-25 10:39:00'),(11,1,'kkk',_binary '','2025-07-25 10:40:00','2025-07-25 10:40:00'),(12,1,'lll',_binary '','2025-07-25 10:41:00','2025-07-25 10:41:00'),(13,1,'mmm',_binary '','2025-07-25 10:42:00','2025-07-25 10:42:00'),(14,1,'nnn',_binary '','2025-07-25 10:43:00','2025-07-25 10:43:00'),(15,1,'ooo',_binary '','2025-07-25 10:44:00','2025-07-25 10:44:00'),(16,13,'aaa',_binary '','2025-07-25 11:20:00','2025-07-25 11:20:00'),(17,13,'bbb',_binary '','2025-07-25 11:21:00','2025-07-25 11:21:00'),(18,13,'ccc',_binary '','2025-07-25 11:22:00','2025-07-25 11:22:00'),(19,13,'ddd',_binary '','2025-07-25 11:23:00','2025-07-25 11:23:00'),(20,13,'eee',_binary '','2025-07-25 11:24:00','2025-07-25 11:24:00'),(21,13,'fff',_binary '','2025-07-25 11:25:00','2025-07-25 11:25:00'),(22,13,'ggg',_binary '','2025-07-25 11:26:00','2025-07-25 11:26:00'),(23,13,'hhh',_binary '','2025-07-25 11:27:00','2025-07-25 11:27:00'),(24,13,'iii',_binary '','2025-07-25 11:28:00','2025-07-25 11:28:00'),(25,13,'jjj',_binary '','2025-07-25 11:29:00','2025-07-25 11:29:00'),(26,13,'kkk',_binary '','2025-07-25 11:30:00','2025-07-25 11:30:00'),(27,13,'lll',_binary '','2025-07-25 11:31:00','2025-07-25 11:31:00'),(28,16,'mmm',_binary '','2025-07-26 10:20:00','2025-07-26 10:20:00'),(29,16,'nnn',_binary '','2025-07-26 10:21:00','2025-07-26 10:21:00'),(30,16,'ooo',_binary '','2025-07-26 10:22:00','2025-07-26 10:22:00'),(31,16,'ppp',_binary '','2025-07-26 10:23:00','2025-07-26 10:23:00'),(32,16,'qqq',_binary '','2025-07-26 10:24:00','2025-07-26 10:24:00'),(33,16,'rrr',_binary '','2025-07-26 10:25:00','2025-07-26 10:25:00'),(34,16,'sss',_binary '','2025-07-26 10:26:00','2025-07-26 10:26:00'),(35,16,'ttt',_binary '','2025-07-26 10:27:00','2025-07-26 10:27:00'),(36,16,'uuu',_binary '','2025-07-26 10:28:00','2025-07-26 10:28:00'),(37,16,'vvv',_binary '','2025-07-26 10:29:00','2025-07-26 10:29:00'),(38,25,'www',_binary '','2025-07-26 11:00:00','2025-07-26 11:00:00'),(39,25,'xxx',_binary '','2025-07-26 11:01:00','2025-07-26 11:01:00'),(40,25,'yyy',_binary '','2025-07-26 11:02:00','2025-07-26 11:02:00'),(41,25,'zzz',_binary '','2025-07-26 11:03:00','2025-07-26 11:03:00'),(42,25,'aaa',_binary '','2025-07-26 11:04:00','2025-07-26 11:04:00'),(43,25,'bbb',_binary '','2025-07-26 11:05:00','2025-07-26 11:05:00'),(44,25,'ccc',_binary '','2025-07-26 11:06:00','2025-07-26 11:06:00'),(45,25,'ddd',_binary '','2025-07-26 11:07:00','2025-07-26 11:07:00'),(46,91,'eee',_binary '','2025-07-31 10:40:00','2025-07-31 10:40:00'),(47,91,'fff',_binary '','2025-07-31 10:41:00','2025-07-31 10:41:00'),(48,91,'ggg',_binary '','2025-07-31 10:42:00','2025-07-31 10:42:00'),(49,91,'hhh',_binary '','2025-07-31 10:43:00','2025-07-31 10:43:00'),(50,91,'iii',_binary '','2025-07-31 10:44:00','2025-07-31 10:44:00'),(51,91,'jjj',_binary '','2025-07-31 10:45:00','2025-07-31 10:45:00'),(52,91,'kkk',_binary '','2025-07-31 10:46:00','2025-07-31 10:46:00'),(53,91,'lll',_binary '','2025-07-31 10:47:00','2025-07-31 10:47:00'),(54,91,'mmm',_binary '','2025-07-31 10:48:00','2025-07-31 10:48:00'),(55,91,'nnn',_binary '','2025-07-31 10:49:00','2025-07-31 10:49:00'),(56,91,'ooo',_binary '','2025-07-31 10:50:00','2025-07-31 10:50:00'),(57,91,'ppp',_binary '','2025-07-31 10:51:00','2025-07-31 10:51:00'),(58,95,'qqq',_binary '','2025-07-31 10:50:00','2025-07-31 10:50:00'),(59,95,'rrr',_binary '','2025-07-31 10:51:00','2025-07-31 10:51:00'),(60,95,'sss',_binary '','2025-07-31 10:52:00','2025-07-31 10:52:00'),(61,95,'ttt',_binary '','2025-07-31 10:53:00','2025-07-31 10:53:00'),(62,95,'uuu',_binary '','2025-07-31 10:54:00','2025-07-31 10:54:00'),(63,95,'vvv',_binary '','2025-07-31 10:55:00','2025-07-31 10:55:00'),(64,95,'www',_binary '','2025-07-31 10:56:00','2025-07-31 10:56:00'),(65,95,'xxx',_binary '','2025-07-31 10:57:00','2025-07-31 10:57:00'),(66,95,'yyy',_binary '','2025-07-31 10:58:00','2025-07-31 10:58:00'),(67,95,'zzz',_binary '','2025-07-31 10:59:00','2025-07-31 10:59:00'),(68,100,'aaa',_binary '','2025-07-31 11:20:00','2025-07-31 11:20:00'),(69,100,'bbb',_binary '','2025-07-31 11:21:00','2025-07-31 11:21:00'),(70,100,'ccc',_binary '','2025-07-31 11:22:00','2025-07-31 11:22:00'),(71,100,'ddd',_binary '','2025-07-31 11:23:00','2025-07-31 11:23:00'),(72,100,'eee',_binary '','2025-07-31 11:24:00','2025-07-31 11:24:00'),(73,100,'fff',_binary '','2025-07-31 11:25:00','2025-07-31 11:25:00'),(74,100,'ggg',_binary '','2025-07-31 11:26:00','2025-07-31 11:26:00'),(75,100,'hhh',_binary '','2025-07-31 11:27:00','2025-07-31 11:27:00'),(76,100,'iii',_binary '','2025-07-31 11:28:00','2025-07-31 11:28:00'),(77,100,'jjj',_binary '','2025-07-31 11:29:00','2025-07-31 11:29:00'),(78,2,'kkk',_binary '','2025-07-25 10:50:00','2025-07-25 10:50:00'),(79,3,'lll',_binary '','2025-07-25 10:55:00','2025-07-25 10:55:00'),(80,10,'mmm',_binary '','2025-07-25 11:00:00','2025-07-25 11:00:00'),(81,20,'nnn',_binary '','2025-07-26 10:30:00','2025-07-26 10:30:00'),(82,33,'ooo',_binary '','2025-07-27 10:40:00','2025-07-27 10:40:00'),(83,40,'ppp',_binary '','2025-07-27 11:00:00','2025-07-27 11:00:00'),(84,50,'qqq',_binary '','2025-07-28 10:30:00','2025-07-28 10:30:00'),(85,65,'rrr',_binary '','2025-07-29 10:35:00','2025-07-29 10:35:00'),(86,76,'sss',_binary '','2025-07-30 10:20:00','2025-07-30 10:20:00'),(87,106,'ttt',_binary '','2025-08-01 10:25:00','2025-08-01 10:25:00');
/*!40000 ALTER TABLE `board_food_recommend` ENABLE KEYS */;
UNLOCK TABLES;

--
-- Table structure for table `board_free`
--

DROP TABLE IF EXISTS `board_free`;
/*!40101 SET @saved_cs_client     = @@character_set_client */;
/*!50503 SET character_set_client = utf8mb4 */;
CREATE TABLE `board_free` (
  `id` int NOT NULL AUTO_INCREMENT,
  `title` varchar(255) NOT NULL,
  `body` tinytext NOT NULL,
  `imgsrc` varchar(255) DEFAULT NULL,
  `author` varchar(255) NOT NULL,
  `recommend` int DEFAULT '0',
  `views` int DEFAULT '0',
  `category` varchar(30) DEFAULT 'free',
  `created_at` datetime DEFAULT CURRENT_TIMESTAMP,
  `updated_at` datetime DEFAULT CURRENT_TIMESTAMP ON UPDATE CURRENT_TIMESTAMP,
  `status` enum('VISIBLE','DELETED','PRIVATE','BLOCKED') DEFAULT 'VISIBLE',
  PRIMARY KEY (`id`),
  KEY `author` (`author`),
  CONSTRAINT `board_free_ibfk_1` FOREIGN KEY (`author`) REFERENCES `user_auth` (`username`) ON DELETE CASCADE
) ENGINE=InnoDB AUTO_INCREMENT=164 DEFAULT CHARSET=utf8mb4 COLLATE=utf8mb4_0900_ai_ci;
/*!40101 SET character_set_client = @saved_cs_client */;

--
-- Dumping data for table `board_free`
--

LOCK TABLES `board_free` WRITE;
/*!40000 ALTER TABLE `board_free` DISABLE KEYS */;
INSERT INTO `board_free` VALUES (1,'자유롭게 글 써봅니다','오늘은 날씨가 참 좋네요. 간단하게 한 줄 남깁니다.',NULL,'bbb',0,0,'free','2025-07-25 09:00:00','2025-07-25 09:00:00','VISIBLE'),(2,'점심 뭐 먹을까요?','회사 근처에 새로운 식당이 생겼다는데, 혹시 가본 사람 있나요?',NULL,'ccc',0,0,'free','2025-07-25 09:05:00','2025-07-25 09:05:00','VISIBLE'),(3,'헬스장 등록 완료!','3개월치 끊었습니다. 이번엔 정말로 꾸준히 가볼게요!',NULL,'ddd',0,0,'free','2025-07-25 09:10:00','2025-07-25 09:10:00','VISIBLE'),(4,'영화 추천 좀요','주말에 심심한데 볼만한 영화 추천 부탁드려요. 장르는 가리지 않아요.',NULL,'eee',0,0,'free','2025-07-25 09:15:00','2025-07-25 09:15:00','VISIBLE'),(5,'오늘 출근길 사고났어요','버스가 고장나서 30분이나 지각했네요. 월요일부터 참...',NULL,'fff',0,0,'free','2025-07-25 09:20:00','2025-07-25 09:20:00','VISIBLE'),(6,'퇴근하고 뭐하세요?','요즘 퇴근하고 할 게 없어서 걍 누워만 있네요. 다들 뭐하면서 노세요?',NULL,'ggg',0,0,'free','2025-07-25 09:25:00','2025-07-25 09:25:00','VISIBLE'),(7,'저녁 혼밥했어요','치킨 한 마리 시켜서 혼자 다 먹었네요. 배부르고 행복합니다.',NULL,'hhh',0,0,'free','2025-07-25 09:30:00','2025-07-25 09:30:00','VISIBLE'),(8,'지금 겁나 졸려요','업무 중인데 눈이 자꾸 감깁니다... 커피 두 잔째인데 소용 없어요ㅠ',NULL,'iii',0,0,'free','2025-07-25 09:35:00','2025-07-25 09:35:00','VISIBLE'),(9,'오늘도 한잔?','불금은 아니지만 기분 전환 겸 한잔하러 갑니다. 누구 같이 가요~',NULL,'jjj',0,0,'free','2025-07-25 09:40:00','2025-07-25 09:40:00','VISIBLE'),(10,'스트레칭이 필요해','오래 앉아있으니 허리가 뻐근하네요. 스트레칭 추천 동작 있을까요?',NULL,'kkk',0,0,'free','2025-07-25 09:45:00','2025-07-25 09:45:00','VISIBLE'),(11,'토익 공부 시작','8월 시험 목표로 열공 모드 돌입합니다. 같이 공부하실 분~',NULL,'lll',0,0,'free','2025-07-25 09:50:00','2025-07-25 09:50:00','VISIBLE'),(12,'드라마 끝났다ㅠ','진짜 명작이었어요. 끝나고 허무한 이 기분 뭔가요...',NULL,'mmm',0,0,'free','2025-07-25 09:55:00','2025-07-25 09:55:00','VISIBLE'),(13,'냉장고 파먹기','오늘 저녁은 남은 재료로 해결했습니다. 의외로 맛있었어요!',NULL,'nnn',0,0,'free','2025-07-25 10:00:00','2025-07-25 10:00:00','VISIBLE'),(14,'오늘 회의 2시간 함','말이 너무 많아졌어요. 중간에 졸뻔...',NULL,'ooo',0,0,'free','2025-07-25 10:05:00','2025-07-25 10:05:00','VISIBLE'),(15,'잠이 안 와요','요즘 계속 새벽 2~3시에 자요. 생활 리듬 망함...',NULL,'ppp',0,0,'free','2025-07-25 10:10:00','2025-07-25 10:10:00','VISIBLE'),(16,'홈트 루틴 공유','저는 매일 저녁 20분씩 스트레칭하고 스쿼트 50개씩 합니다.',NULL,'qqq',0,0,'free','2025-07-25 10:15:00','2025-07-25 10:15:00','VISIBLE'),(17,'출근길 지옥철...','도대체 언제쯤 여유 있는 출근이 가능할까요 ㅠㅠ',NULL,'rrr',0,0,'free','2025-07-25 10:20:00','2025-07-25 10:20:00','VISIBLE'),(18,'책 추천 받아요','마음 따뜻해지는 소설 하나 추천 부탁드려요!',NULL,'sss',0,0,'free','2025-07-25 10:25:00','2025-07-25 10:25:00','VISIBLE'),(19,'디저트 추천','요즘 빠져있는 디저트가 있나요? 저는 바스크치즈케이크에 빠졌어요.',NULL,'ttt',0,0,'free','2025-07-25 10:30:00','2025-07-25 10:30:00','VISIBLE'),(20,'냉방병 걸린 듯','목도 아프고 콧물도 나요... 너무 춥게 틀지 말아야겠어요.',NULL,'uuu',0,0,'free','2025-07-25 10:35:00','2025-07-25 10:35:00','VISIBLE'),(21,'아침 운동 시작','새벽에 일어나서 조깅했어요. 상쾌하네요!',NULL,'vvv',0,0,'free','2025-07-26 09:00:00','2025-07-26 09:00:00','VISIBLE'),(22,'카페 투어 중','오늘은 강남 쪽 카페에서 커피 마시며 작업 중입니다.',NULL,'www',0,0,'free','2025-07-26 09:05:00','2025-07-26 09:05:00','VISIBLE'),(23,'독서 추천','최근 읽은 책이 너무 좋아서 공유합니다. 인생에 도움이 되는 이야기예요.',NULL,'xxx',0,0,'free','2025-07-26 09:10:00','2025-07-26 09:10:00','VISIBLE'),(24,'날씨 변덕','오전에는 맑다가 갑자기 비가 내리네요. 우산 챙기세요!',NULL,'yyy',0,0,'free','2025-07-26 09:15:00','2025-07-26 09:15:00','VISIBLE'),(25,'신규 영화 개봉','이번 주말에 기대되는 영화가 개봉합니다. 예고편 보셨나요?',NULL,'zzz',0,0,'free','2025-07-26 09:20:00','2025-07-26 09:20:00','VISIBLE'),(26,'요리 도전','처음으로 직접 라자냐를 만들어 봤어요. 생각보다 어렵네요.',NULL,'aaa',0,0,'free','2025-07-26 09:25:00','2025-07-26 09:25:00','VISIBLE'),(27,'반려동물 이야기','우리 집 강아지가 요즘 부쩍 애교가 많아졌어요.',NULL,'bbb',0,0,'free','2025-07-26 09:30:00','2025-07-26 09:30:00','VISIBLE'),(28,'여름 휴가 계획','올해는 바다로 떠날까 고민 중입니다. 좋은 여행지 추천받아요.',NULL,'ccc',0,0,'free','2025-07-26 09:35:00','2025-07-26 09:35:00','VISIBLE'),(29,'커피 취향','저는 라떼보단 아메리카노가 좋아요. 여러분은?',NULL,'ddd',0,0,'free','2025-07-26 09:40:00','2025-07-26 09:40:00','VISIBLE'),(30,'새로운 취미','도예 클래스 신청했어요. 손재주가 좀 늘었으면...',NULL,'eee',0,0,'free','2025-07-26 09:45:00','2025-07-26 09:45:00','VISIBLE'),(31,'퇴근길 버스 기다림','오늘따라 버스가 너무 안 와서 짜증났어요.',NULL,'fff',0,0,'free','2025-07-26 09:50:00','2025-07-26 09:50:00','VISIBLE'),(32,'홈카페 도전','에스프레소 머신 샀는데 아직 잘 못 만들어요ㅠ',NULL,'ggg',0,0,'free','2025-07-26 09:55:00','2025-07-26 09:55:00','VISIBLE'),(33,'핸드폰 바꿈','새로운 모델 샀는데 기능이 너무 많아서 적응 중.',NULL,'hhh',0,0,'free','2025-07-26 10:00:00','2025-07-26 10:00:00','VISIBLE'),(34,'요즘 인기 드라마','최근에 본 드라마 추천합니다. 정말 재미있어요.',NULL,'iii',0,0,'free','2025-07-26 10:05:00','2025-07-26 10:05:00','VISIBLE'),(35,'야근 중','오늘도 야근이네요. 힘내자...',NULL,'jjj',0,0,'free','2025-07-26 10:10:00','2025-07-26 10:10:00','VISIBLE'),(36,'주말 계획','친구들과 등산 가기로 했어요. 기대됩니다!',NULL,'kkk',0,0,'free','2025-07-26 10:15:00','2025-07-26 10:15:00','VISIBLE'),(37,'수면 부족','요즘 잠이 부족해서 피곤해요. 해결 방법 있을까요?',NULL,'lll',0,0,'free','2025-07-26 10:20:00','2025-07-26 10:20:00','VISIBLE'),(38,'새로운 게임','최근에 나온 게임 해보신 분? 재밌나요?',NULL,'mmm',0,0,'free','2025-07-26 10:25:00','2025-07-26 10:25:00','VISIBLE'),(39,'자전거 타기','주말마다 자전거 타러 나가요. 건강해지는 느낌!',NULL,'nnn',0,0,'free','2025-07-26 10:30:00','2025-07-26 10:30:00','VISIBLE'),(40,'재택근무','오늘은 집에서 일하는 중입니다. 집중 잘 돼요.',NULL,'ooo',0,0,'free','2025-07-26 10:35:00','2025-07-26 10:35:00','VISIBLE'),(41,'새로운 취미 시작','사진 찍기에 도전해봤어요. 생각보다 재밌네요!',NULL,'ppp',0,0,'free','2025-07-27 09:00:00','2025-07-27 09:00:00','VISIBLE'),(42,'점심 메뉴 추천','오늘 뭐 먹지 고민 중이에요. 추천 좀!',NULL,'qqq',0,0,'free','2025-07-27 09:05:00','2025-07-27 09:05:00','VISIBLE'),(43,'책 읽는 중','소설 한 권 읽었는데 감동적이었어요.',NULL,'rrr',0,0,'free','2025-07-27 09:10:00','2025-07-27 09:10:00','VISIBLE'),(44,'요가 수업 후기','처음 간 요가 수업, 몸이 많이 풀렸어요.',NULL,'sss',0,0,'free','2025-07-27 09:15:00','2025-07-27 09:15:00','VISIBLE'),(45,'퇴근길 풍경','노을이 예뻐서 사진 찍었어요.',NULL,'ttt',0,0,'free','2025-07-27 09:20:00','2025-07-27 09:20:00','VISIBLE'),(46,'새 신발 샀어요','편하고 이쁘네요. 추천!',NULL,'uuu',0,0,'free','2025-07-27 09:25:00','2025-07-27 09:25:00','VISIBLE'),(47,'일상 근황','요즘 일이 바빠서 정신없네요.',NULL,'vvv',0,0,'free','2025-07-27 09:30:00','2025-07-27 09:30:00','VISIBLE'),(48,'커피 맛있게 마시는 법','우유 거품 만드는 게 포인트래요.',NULL,'www',0,0,'free','2025-07-27 09:35:00','2025-07-27 09:35:00','VISIBLE'),(49,'좋은 영화 추천','최근 본 영화가 감동적이었어요.',NULL,'xxx',0,0,'free','2025-07-27 09:40:00','2025-07-27 09:40:00','VISIBLE'),(50,'홈트레이닝 팁','효과 좋은 스트레칭 알려드려요.',NULL,'yyy',0,0,'free','2025-07-27 09:45:00','2025-07-27 09:45:00','VISIBLE'),(51,'요리 실패기','파스타 면 삶는 데 실패했어요.',NULL,'zzz',0,0,'free','2025-07-27 09:50:00','2025-07-27 09:50:00','VISIBLE'),(52,'일찍 자야지','요즘 잠이 부족해서 힘들어요.',NULL,'aaa',0,0,'free','2025-07-27 09:55:00','2025-07-27 09:55:00','VISIBLE'),(53,'주말 계획 세우기','친구들이랑 등산 가기로 했어요.',NULL,'bbb',0,0,'free','2025-07-27 10:00:00','2025-07-27 10:00:00','VISIBLE'),(54,'집 꾸미기','작은 화분 사서 방에 두었어요.',NULL,'ccc',0,0,'free','2025-07-27 10:05:00','2025-07-27 10:05:00','VISIBLE'),(55,'게임 추천','재밌는 RPG 게임 있나요?',NULL,'ddd',0,0,'free','2025-07-27 10:10:00','2025-07-27 10:10:00','VISIBLE'),(56,'일기 시작','매일 하루 일과 기록 중입니다.',NULL,'eee',0,0,'free','2025-07-27 10:15:00','2025-07-27 10:15:00','VISIBLE'),(57,'출근길 버스 지각','오늘도 버스가 늦네요...',NULL,'fff',0,0,'free','2025-07-27 10:20:00','2025-07-27 10:20:00','VISIBLE'),(58,'요즘 날씨 너무 더워요','에어컨 없이 못 살겠어요.',NULL,'ggg',0,0,'free','2025-07-27 10:25:00','2025-07-27 10:25:00','VISIBLE'),(59,'드라마 다시보기','예전에 봤던 드라마 또 보고 있어요.',NULL,'hhh',0,0,'free','2025-07-27 10:30:00','2025-07-27 10:30:00','VISIBLE'),(60,'카페인 끊기 도전','하루에 커피 한 잔만 마셔보려 합니다.',NULL,'iii',0,0,'free','2025-07-27 10:35:00','2025-07-27 10:35:00','VISIBLE'),(61,'스트레스 풀기','산책 다녀오니 좀 나아졌어요.',NULL,'jjj',0,0,'free','2025-07-27 10:40:00','2025-07-27 10:40:00','VISIBLE'),(62,'새벽 운동 후기','일찍 일어나서 뛰니까 기분이 좋아요.',NULL,'kkk',0,0,'free','2025-07-28 09:00:00','2025-07-28 09:00:00','VISIBLE'),(63,'맛집 탐방','동네에 새로 생긴 식당 다녀왔어요.',NULL,'lll',0,0,'free','2025-07-28 09:05:00','2025-07-28 09:05:00','VISIBLE'),(64,'여름휴가 준비','올해는 바다로 갈까 생각 중입니다.',NULL,'mmm',0,0,'free','2025-07-28 09:10:00','2025-07-28 09:10:00','VISIBLE'),(65,'독서 시간','조용한 카페에서 책 읽는 게 힐링이네요.',NULL,'nnn',0,0,'free','2025-07-28 09:15:00','2025-07-28 09:15:00','VISIBLE'),(66,'요리 레시피 공유','간단한 파스타 만들기 방법 알려드려요.',NULL,'ooo',0,0,'free','2025-07-28 09:20:00','2025-07-28 09:20:00','VISIBLE'),(67,'주말 등산 다녀옴','산 정상에서 본 경치가 끝내줬어요.',NULL,'ppp',0,0,'free','2025-07-28 09:25:00','2025-07-28 09:25:00','VISIBLE'),(68,'커피 한잔의 여유','아침에 마시는 커피가 하루를 살게 해요.',NULL,'qqq',0,0,'free','2025-07-28 09:30:00','2025-07-28 09:30:00','VISIBLE'),(69,'재택근무 적응기','처음엔 힘들었는데 점점 편해지고 있어요.',NULL,'rrr',0,0,'free','2025-07-28 09:35:00','2025-07-28 09:35:00','VISIBLE'),(70,'주말 영화 추천','가족과 함께 보기 좋은 영화 추천합니다.',NULL,'sss',0,0,'free','2025-07-28 09:40:00','2025-07-28 09:40:00','VISIBLE'),(71,'건강식 챌린지','일주일 동안 채식만 해보기 도전 중.',NULL,'ttt',0,0,'free','2025-07-28 09:45:00','2025-07-28 09:45:00','VISIBLE'),(72,'운동 후 회복','스트레칭이 얼마나 중요한지 깨달았어요.',NULL,'uuu',0,0,'free','2025-07-28 09:50:00','2025-07-28 09:50:00','VISIBLE'),(73,'책장 정리','오래된 책들 정리했어요. 새 책도 사고 싶네요.',NULL,'vvv',0,0,'free','2025-07-28 09:55:00','2025-07-28 09:55:00','VISIBLE'),(74,'음악 듣기','최근 즐겨 듣는 플레이리스트 공유합니다.',NULL,'www',0,0,'free','2025-07-28 10:00:00','2025-07-28 10:00:00','VISIBLE'),(75,'자전거 수리','바퀴가 펑크 나서 수리 맡겼어요.',NULL,'xxx',0,0,'free','2025-07-28 10:05:00','2025-07-28 10:05:00','VISIBLE'),(76,'여름철 피부 관리','자외선 차단제 꼭 바르세요!',NULL,'yyy',0,0,'free','2025-07-28 10:10:00','2025-07-28 10:10:00','VISIBLE'),(77,'휴대폰 배터리 문제','충전이 빨리 닳아요. 해결 방법 있을까요?',NULL,'zzz',0,0,'free','2025-07-28 10:15:00','2025-07-28 10:15:00','VISIBLE'),(78,'친구와 여행 계획','다음 달에 친구랑 여행 가기로 했어요.',NULL,'aaa',0,0,'free','2025-07-28 10:20:00','2025-07-28 10:20:00','VISIBLE'),(79,'아침 식사','오늘은 시리얼로 간단히 해결.',NULL,'bbb',0,0,'free','2025-07-28 10:25:00','2025-07-28 10:25:00','VISIBLE'),(80,'요가 도구 구매','요가 매트 새로 샀어요. 좋아요!',NULL,'ccc',0,0,'free','2025-07-28 10:30:00','2025-07-28 10:30:00','VISIBLE'),(81,'출근길 지하철','사람이 많아서 힘들었어요.',NULL,'ddd',0,0,'free','2025-07-28 10:35:00','2025-07-28 10:35:00','VISIBLE'),(82,'저녁 메뉴 고민','오늘 저녁 뭐 먹지?',NULL,'eee',0,0,'free','2025-07-28 10:40:00','2025-07-28 10:40:00','VISIBLE'),(83,'아침 산책','신선한 공기 마시며 산책했어요.',NULL,'fff',0,0,'free','2025-07-29 09:00:00','2025-07-29 09:00:00','VISIBLE'),(84,'점심 메뉴 추천','가볍게 먹을 만한 음식 추천해 주세요.',NULL,'ggg',0,0,'free','2025-07-29 09:05:00','2025-07-29 09:05:00','VISIBLE'),(85,'운동 시작','헬스장 끊고 첫날 운동했어요.',NULL,'hhh',0,0,'free','2025-07-29 09:10:00','2025-07-29 09:10:00','VISIBLE'),(86,'영화 감상','주말에 볼만한 영화 추천 받습니다.',NULL,'iii',0,0,'free','2025-07-29 09:15:00','2025-07-29 09:15:00','VISIBLE'),(87,'퇴근길 이야기','오늘도 버스가 늦었네요.',NULL,'jjj',0,0,'free','2025-07-29 09:20:00','2025-07-29 09:20:00','VISIBLE'),(88,'요리 실수','파스타 소스 태웠어요 ㅠㅠ',NULL,'kkk',0,0,'free','2025-07-29 09:25:00','2025-07-29 09:25:00','VISIBLE'),(89,'주말 여행','이번 주말에 가까운 산으로 여행 갑니다.',NULL,'lll',0,0,'free','2025-07-29 09:30:00','2025-07-29 09:30:00','VISIBLE'),(90,'독서 취미','최근에 읽은 책이 정말 좋아서 추천해요.',NULL,'mmm',0,0,'free','2025-07-29 09:35:00','2025-07-29 09:35:00','VISIBLE'),(91,'새로운 취미','요가 시작했는데 몸이 많이 좋아졌어요.',NULL,'nnn',0,0,'free','2025-07-29 09:40:00','2025-07-29 09:40:00','VISIBLE'),(92,'아침 커피','집에서 내려 마신 커피가 최고네요.',NULL,'ooo',0,0,'free','2025-07-29 09:45:00','2025-07-29 09:45:00','VISIBLE'),(93,'야근 중','오늘도 야근이네요. 힘내자!',NULL,'ppp',0,0,'free','2025-07-29 09:50:00','2025-07-29 09:50:00','VISIBLE'),(94,'주말 계획','친구들과 등산 가기로 했어요.',NULL,'qqq',0,0,'free','2025-07-29 09:55:00','2025-07-29 09:55:00','VISIBLE'),(95,'집 꾸미기','작은 화분 사서 방에 두었어요.',NULL,'rrr',0,0,'free','2025-07-29 10:00:00','2025-07-29 10:00:00','VISIBLE'),(96,'게임 추천','재밌는 RPG 게임 있나요?',NULL,'sss',0,0,'free','2025-07-29 10:05:00','2025-07-29 10:05:00','VISIBLE'),(97,'일기 시작','매일 하루 일과 기록 중입니다.',NULL,'ttt',0,0,'free','2025-07-29 10:10:00','2025-07-29 10:10:00','VISIBLE'),(98,'출근길 버스 지각','오늘도 버스가 늦네요...',NULL,'uuu',0,0,'free','2025-07-29 10:15:00','2025-07-29 10:15:00','VISIBLE'),(99,'요즘 날씨 너무 더워요','에어컨 없이 못 살겠어요.',NULL,'vvv',0,0,'free','2025-07-29 10:20:00','2025-07-29 10:20:00','VISIBLE'),(100,'드라마 다시보기','예전에 봤던 드라마 또 보고 있어요.',NULL,'www',0,0,'free','2025-07-29 10:25:00','2025-07-29 10:25:00','VISIBLE'),(101,'카페인 끊기 도전','하루에 커피 한 잔만 마셔보려 합니다.',NULL,'xxx',0,0,'free','2025-07-29 10:30:00','2025-07-29 10:30:00','VISIBLE'),(102,'스트레스 풀기','산책 다녀오니 좀 나아졌어요.',NULL,'yyy',0,0,'free','2025-07-29 10:35:00','2025-07-29 10:35:00','VISIBLE'),(103,'주말 산책','가까운 공원에서 산책하며 힐링했어요.',NULL,'zzz',0,0,'free','2025-07-30 09:00:00','2025-07-30 09:00:00','VISIBLE'),(104,'아침 요가','요가로 상쾌하게 하루를 시작합니다.',NULL,'aaa',0,0,'free','2025-07-30 09:05:00','2025-07-30 09:05:00','VISIBLE'),(105,'점심 메뉴 추천','간단하고 맛있는 점심 메뉴 추천 부탁해요.',NULL,'bbb',0,0,'free','2025-07-30 09:10:00','2025-07-30 09:10:00','VISIBLE'),(106,'영화 감상','최근 본 영화가 너무 재미있었어요.',NULL,'ccc',0,0,'free','2025-07-30 09:15:00','2025-07-30 09:15:00','VISIBLE'),(107,'퇴근길 버스','오늘 버스가 너무 붐벼서 힘들었네요.',NULL,'ddd',0,0,'free','2025-07-30 09:20:00','2025-07-30 09:20:00','VISIBLE'),(108,'요리 도전','처음으로 김치찌개 만들어봤어요.',NULL,'eee',0,0,'free','2025-07-30 09:25:00','2025-07-30 09:25:00','VISIBLE'),(109,'독서 추천','감동적인 소설 한 권 소개합니다.',NULL,'fff',0,0,'free','2025-07-30 09:30:00','2025-07-30 09:30:00','VISIBLE'),(110,'커피 한잔','아침에 마신 커피가 오늘 하루를 살게 하네요.',NULL,'ggg',0,0,'free','2025-07-30 09:35:00','2025-07-30 09:35:00','VISIBLE'),(111,'운동 루틴','매일 아침 30분 걷기 시작했어요.',NULL,'hhh',0,0,'free','2025-07-30 09:40:00','2025-07-30 09:40:00','VISIBLE'),(112,'주말 계획','친구들과 영화 보러 갑니다.',NULL,'iii',0,0,'free','2025-07-30 09:45:00','2025-07-30 09:45:00','VISIBLE'),(113,'스트레칭 팁','허리 아플 때 좋은 스트레칭 알려드려요.',NULL,'jjj',0,0,'free','2025-07-30 09:50:00','2025-07-30 09:50:00','VISIBLE'),(114,'책장 정리','오래된 책들을 정리했어요.',NULL,'kkk',0,0,'free','2025-07-30 09:55:00','2025-07-30 09:55:00','VISIBLE'),(115,'요가 클래스 후기','처음 간 요가 클래스가 정말 좋았어요.',NULL,'lll',0,0,'free','2025-07-30 10:00:00','2025-07-30 10:00:00','VISIBLE'),(116,'친구와 여행 계획','다음 달에 친구랑 여행 가기로 했어요.',NULL,'mmm',0,0,'free','2025-07-30 10:05:00','2025-07-30 10:05:00','VISIBLE'),(117,'재택근무 적응기','집에서 일하는 게 생각보다 좋네요.',NULL,'nnn',0,0,'free','2025-07-30 10:10:00','2025-07-30 10:10:00','VISIBLE'),(118,'요리 실패담','파스타 면 삶다가 다 불었어요.',NULL,'ooo',0,0,'free','2025-07-30 10:15:00','2025-07-30 10:15:00','VISIBLE'),(119,'아침 커피','오늘 아침엔 라떼로 시작했어요.',NULL,'ppp',0,0,'free','2025-07-30 10:20:00','2025-07-30 10:20:00','VISIBLE'),(120,'주말 등산','친구들과 등산 다녀왔어요.',NULL,'qqq',0,0,'free','2025-07-30 10:25:00','2025-07-30 10:25:00','VISIBLE'),(121,'게임 추천','새로운 RPG 게임을 찾고 있어요.',NULL,'rrr',0,0,'free','2025-07-30 10:30:00','2025-07-30 10:30:00','VISIBLE'),(122,'휴식 시간','잠깐 쉬면서 음악 듣고 있어요.',NULL,'sss',0,0,'free','2025-07-30 10:35:00','2025-07-30 10:35:00','VISIBLE'),(123,'출근길','오늘도 힘내서 출근했어요.',NULL,'ttt',0,0,'free','2025-07-30 10:40:00','2025-07-30 10:40:00','VISIBLE'),(124,'아침 조깅','맑은 공기 마시며 조깅했어요.',NULL,'uuu',0,0,'free','2025-07-31 09:00:00','2025-07-31 09:00:00','VISIBLE'),(125,'커피 취향','저는 아메리카노가 제일 좋아요.',NULL,'vvv',0,0,'free','2025-07-31 09:05:00','2025-07-31 09:05:00','VISIBLE'),(126,'요리 도전','새로운 레시피로 저녁 만들었어요.',NULL,'www',0,0,'free','2025-07-31 09:10:00','2025-07-31 09:10:00','VISIBLE'),(127,'주말 계획','친구들과 놀러 가기로 했어요.',NULL,'xxx',0,0,'free','2025-07-31 09:15:00','2025-07-31 09:15:00','VISIBLE'),(128,'독서 시간','좋은 소설 읽고 있어요.',NULL,'yyy',0,0,'free','2025-07-31 09:20:00','2025-07-31 09:20:00','VISIBLE'),(129,'출근길 버스','오늘도 사람이 많네요.',NULL,'zzz',0,0,'free','2025-07-31 09:25:00','2025-07-31 09:25:00','VISIBLE'),(130,'요가 클래스','처음 간 요가 수업이 정말 좋았어요.',NULL,'aaa',0,0,'free','2025-07-31 09:30:00','2025-07-31 09:30:00','VISIBLE'),(131,'퇴근길 이야기','버스가 늦어서 짜증났어요.',NULL,'bbb',0,0,'free','2025-07-31 09:35:00','2025-07-31 09:35:00','VISIBLE'),(132,'게임 추천','최근에 시작한 게임이 재밌어요.',NULL,'ccc',0,0,'free','2025-07-31 09:40:00','2025-07-31 09:40:00','VISIBLE'),(133,'음악 듣기','좋은 플레이리스트 공유합니다.',NULL,'ddd',0,0,'free','2025-07-31 09:45:00','2025-07-31 09:45:00','VISIBLE'),(134,'스트레칭 팁','허리 아플 때 좋은 스트레칭 알려드려요.',NULL,'eee',0,0,'free','2025-07-31 09:50:00','2025-07-31 09:50:00','VISIBLE'),(135,'책장 정리','오래된 책들을 정리했어요.',NULL,'fff',0,0,'free','2025-07-31 09:55:00','2025-07-31 09:55:00','VISIBLE'),(136,'커피 한잔','아침에 마신 커피가 오늘 하루를 살게 하네요.',NULL,'ggg',0,0,'free','2025-07-31 10:00:00','2025-07-31 10:00:00','VISIBLE'),(137,'주말 산책','가까운 공원에서 산책했어요.',NULL,'hhh',0,0,'free','2025-07-31 10:05:00','2025-07-31 10:05:00','VISIBLE'),(138,'친구와 여행 계획','다음 달에 친구랑 여행 가기로 했어요.',NULL,'iii',0,0,'free','2025-07-31 10:10:00','2025-07-31 10:10:00','VISIBLE'),(139,'재택근무 적응기','집에서 일하는 게 생각보다 좋네요.',NULL,'jjj',0,0,'free','2025-07-31 10:15:00','2025-07-31 10:15:00','VISIBLE'),(140,'요리 실패담','파스타 면 삶다가 다 불었어요.',NULL,'kkk',0,0,'free','2025-07-31 10:20:00','2025-07-31 10:20:00','VISIBLE'),(141,'아침 커피','오늘 아침엔 라떼로 시작했어요.',NULL,'lll',0,0,'free','2025-07-31 10:25:00','2025-07-31 10:25:00','VISIBLE'),(142,'주말 등산','친구들과 등산 다녀왔어요.',NULL,'mmm',0,0,'free','2025-07-31 10:30:00','2025-07-31 10:30:00','VISIBLE'),(143,'게임 추천','새로운 RPG 게임을 찾고 있어요.',NULL,'nnn',0,0,'free','2025-07-31 10:35:00','2025-07-31 10:35:00','VISIBLE'),(144,'아침 산책','맑은 공기 마시며 산책했어요.',NULL,'ooo',0,0,'free','2025-08-01 09:00:00','2025-08-01 09:00:00','VISIBLE'),(145,'점심 메뉴','가볍게 먹을 만한 점심 메뉴 추천해주세요.',NULL,'ppp',0,0,'free','2025-08-01 09:05:00','2025-08-01 09:05:00','VISIBLE'),(146,'운동 시작','헬스장에서 운동 시작했어요.',NULL,'qqq',0,0,'free','2025-08-01 09:10:00','2025-08-01 09:10:00','VISIBLE'),(147,'영화 감상','주말에 볼만한 영화 추천 받습니다.',NULL,'rrr',0,0,'free','2025-08-01 09:15:00','2025-08-01 09:15:00','VISIBLE'),(148,'퇴근길 이야기','오늘도 버스가 늦었네요.',NULL,'sss',0,0,'free','2025-08-01 09:20:00','2025-08-01 09:20:00','VISIBLE'),(149,'요리 실수','파스타 소스 태웠어요 ㅠㅠ',NULL,'ttt',0,0,'free','2025-08-01 09:25:00','2025-08-01 09:25:00','VISIBLE'),(150,'주말 여행','이번 주말에 가까운 산으로 여행 갑니다.',NULL,'uuu',0,0,'free','2025-08-01 09:30:00','2025-08-01 09:30:00','VISIBLE'),(151,'독서 취미','최근에 읽은 책이 정말 좋아서 추천해요.',NULL,'vvv',0,0,'free','2025-08-01 09:35:00','2025-08-01 09:35:00','VISIBLE'),(152,'새로운 취미','요가 시작했는데 몸이 많이 좋아졌어요.',NULL,'www',0,0,'free','2025-08-01 09:40:00','2025-08-01 09:40:00','VISIBLE'),(153,'아침 커피','집에서 내려 마신 커피가 최고네요.',NULL,'xxx',0,0,'free','2025-08-01 09:45:00','2025-08-01 09:45:00','VISIBLE'),(154,'야근 중','오늘도 야근이네요. 힘내자!',NULL,'yyy',0,0,'free','2025-08-01 09:50:00','2025-08-01 09:50:00','VISIBLE'),(155,'주말 계획','친구들과 등산 가기로 했어요.',NULL,'zzz',0,0,'free','2025-08-01 09:55:00','2025-08-01 09:55:00','VISIBLE'),(156,'집 꾸미기','작은 화분 사서 방에 두었어요.',NULL,'aaa',0,0,'free','2025-08-01 10:00:00','2025-08-01 10:00:00','VISIBLE'),(157,'게임 추천','재밌는 RPG 게임 있나요?',NULL,'bbb',0,0,'free','2025-08-01 10:05:00','2025-08-01 10:05:00','VISIBLE'),(158,'일기 시작','매일 하루 일과 기록 중입니다.',NULL,'ccc',0,0,'free','2025-08-01 10:10:00','2025-08-01 10:10:00','VISIBLE'),(159,'출근길 버스 지각','오늘도 버스가 늦네요...',NULL,'ddd',0,0,'free','2025-08-01 10:15:00','2025-08-01 10:15:00','VISIBLE'),(160,'요즘 날씨 너무 더워요','에어컨 없이 못 살겠어요.',NULL,'eee',0,0,'free','2025-08-01 10:20:00','2025-08-01 10:20:00','VISIBLE'),(161,'드라마 다시보기','예전에 봤던 드라마 또 보고 있어요.',NULL,'fff',0,0,'free','2025-08-01 10:25:00','2025-08-01 10:25:00','VISIBLE'),(162,'카페인 끊기 도전','하루에 커피 한 잔만 마셔보려 합니다.',NULL,'ggg',0,0,'free','2025-08-01 10:30:00','2025-08-01 10:30:00','VISIBLE'),(163,'스트레스 풀기','산책 다녀오니 좀 나아졌어요.',NULL,'hhh',0,0,'free','2025-08-01 10:35:00','2025-08-01 10:35:00','VISIBLE');
/*!40000 ALTER TABLE `board_free` ENABLE KEYS */;
UNLOCK TABLES;

--
-- Table structure for table `board_free_comments`
--

DROP TABLE IF EXISTS `board_free_comments`;
/*!40101 SET @saved_cs_client     = @@character_set_client */;
/*!50503 SET character_set_client = utf8mb4 */;
CREATE TABLE `board_free_comments` (
  `id` int NOT NULL AUTO_INCREMENT,
  `board_id` int NOT NULL,
  `parent_id` int DEFAULT NULL,
  `author` varchar(255) NOT NULL,
  `content` tinytext NOT NULL,
  `created_at` datetime DEFAULT CURRENT_TIMESTAMP,
  `status` enum('VISIBLE','DELETED','BLOCKED') DEFAULT 'VISIBLE',
  PRIMARY KEY (`id`),
  KEY `board_id` (`board_id`),
  KEY `parent_id` (`parent_id`),
  KEY `board_free_comments_ibfk_3` (`author`),
  CONSTRAINT `board_free_comments_ibfk_1` FOREIGN KEY (`board_id`) REFERENCES `board_free` (`id`) ON DELETE CASCADE,
  CONSTRAINT `board_free_comments_ibfk_3` FOREIGN KEY (`author`) REFERENCES `user_auth` (`username`) ON DELETE CASCADE
) ENGINE=InnoDB AUTO_INCREMENT=577 DEFAULT CHARSET=utf8mb4 COLLATE=utf8mb4_0900_ai_ci;
/*!40101 SET character_set_client = @saved_cs_client */;

--
-- Dumping data for table `board_free_comments`
--

LOCK TABLES `board_free_comments` WRITE;
/*!40000 ALTER TABLE `board_free_comments` DISABLE KEYS */;
INSERT INTO `board_free_comments` VALUES (15,1,NULL,'aaa','환영합니다! 자유롭게 소통해요!','2025-07-25 09:02:00','VISIBLE'),(16,1,NULL,'ccc','날씨 좋죠! 저도 동의합니다.','2025-07-25 09:03:00','VISIBLE'),(17,1,NULL,'ddd','자주 와주세요~','2025-07-25 09:04:00','VISIBLE'),(18,2,NULL,'ddd','김치찌개 어떠세요? 역시 국밥이죠!','2025-07-25 09:06:00','VISIBLE'),(19,2,NULL,'eee','근처에 돈까스 맛집 있던데 가보세요!','2025-07-25 09:07:00','VISIBLE'),(20,2,NULL,'fff','새로운 식당 이름이 뭔가요? 저도 궁금하네요!','2025-07-25 09:08:00','VISIBLE'),(21,2,NULL,'ggg','샌드위치로 가볍게 드시는 것도 추천해요.','2025-07-25 09:09:00','VISIBLE'),(22,2,NULL,'hhh','직접 가보고 후기 남겨주세요!','2025-07-25 09:11:00','VISIBLE'),(23,2,NULL,'iii','저는 오늘 냉면 먹을 거예요~','2025-07-25 09:12:00','VISIBLE'),(24,2,NULL,'jjj','고민될 땐 짜장면이죠 ㅎㅎ','2025-07-25 09:13:00','VISIBLE'),(25,3,NULL,'bbb','작심삼일 안 되게 화이팅!','2025-07-25 09:12:00','VISIBLE'),(26,3,NULL,'ccc','꾸준함이 답입니다. 저도 다음 달에 등록해야겠네요.','2025-07-25 09:13:00','VISIBLE'),(27,3,NULL,'kkk','응원합니다!','2025-07-25 09:14:00','VISIBLE'),(28,4,NULL,'kkk','범죄도시4 재밌던데요?','2025-07-25 09:16:00','VISIBLE'),(29,4,NULL,'lll','저는 넷플릭스에서 \'노매드랜드\' 추천해요. 잔잔한 감동이 있어요.','2025-07-25 09:17:00','VISIBLE'),(30,4,NULL,'mmm','\'인셉션\' 여러 번 봐도 명작입니다.','2025-07-25 09:18:00','VISIBLE'),(31,4,NULL,'nnn','요즘 개봉한 \'탑건: 매버릭\'도 정말 괜찮았어요.','2025-07-25 09:19:00','VISIBLE'),(32,4,NULL,'ooo','공포 영화 좋아하시면 \'겟 아웃\' 추천합니다.','2025-07-25 09:20:00','VISIBLE'),(33,4,NULL,'ppp','가볍게 볼 만한 로맨틱 코미디 \'라라랜드\'도 좋아요.','2025-07-25 09:21:00','VISIBLE'),(34,4,NULL,'qqq','장르 안 가리시면 \'기생충\' 한번 보세요!','2025-07-25 09:22:00','VISIBLE'),(35,5,NULL,'rrr','헉, 괜찮으세요? 월요일부터 힘드시겠어요ㅠ','2025-07-25 09:21:00','VISIBLE'),(36,5,NULL,'sss','빨리 해결되길 바랍니다. 힘내세요!','2025-07-25 09:22:00','VISIBLE'),(37,6,NULL,'ttt','넷플릭스 보거나 게임해요. 피곤해서 나가기가 귀찮더라고요.','2025-07-25 09:26:00','VISIBLE'),(38,6,NULL,'uuu','저는 퇴근하고 운동 다니고 있어요. 땀 흘리고 오면 개운해요!','2025-07-25 09:27:00','VISIBLE'),(39,6,NULL,'vvv','요즘엔 홈베이킹에 빠져서 빵 만들어요!','2025-07-25 09:28:00','VISIBLE'),(40,6,NULL,'www','독서 모임 하고 있어요. 새로운 사람들도 만나고 좋아요.','2025-07-25 09:29:00','VISIBLE'),(41,6,NULL,'xxx','저도 퇴근하면 그냥 뻗어요..ㅎㅎ','2025-07-25 09:30:00','VISIBLE'),(42,6,NULL,'yyy','공예 배우는 학원 다니고 있어요. 퇴근 후의 즐거움!','2025-07-25 09:31:00','VISIBLE'),(43,6,NULL,'zzz','저녁 먹고 동네 한 바퀴 산책합니다.','2025-07-25 09:32:00','VISIBLE'),(44,6,NULL,'aaa','저는 고양이랑 놀아요~','2025-07-25 09:33:00','VISIBLE'),(45,7,NULL,'bbb','혼밥 치킨 최고죠!','2025-07-25 09:31:00','VISIBLE'),(46,7,NULL,'ccc','혼자 한마리 다 드시다니 대단하세요!','2025-07-25 09:32:00','VISIBLE'),(47,8,NULL,'ddd','저도요... 점심 먹고 나니 더 졸리네요.','2025-07-25 09:36:00','VISIBLE'),(48,8,NULL,'eee','스트레칭 한번 하고 오세요! 저도 졸릴 때마다 해요.','2025-07-25 09:37:00','VISIBLE'),(49,8,NULL,'fff','커피 말고 시원한 물 마시면 좀 나아요.','2025-07-25 09:38:00','VISIBLE'),(50,9,NULL,'ggg','같이 가고 싶네요! 부럽습니다.','2025-07-25 09:41:00','VISIBLE'),(51,9,NULL,'hhh','혼술도 좋죠~','2025-07-25 09:42:00','VISIBLE'),(52,10,NULL,'iii','유튜브에 \'사무실 스트레칭\' 검색하면 많이 나와요!','2025-07-25 09:46:00','VISIBLE'),(53,10,NULL,'jjj','저는 목 돌리기, 허리 좌우로 돌리는 거 자주 해요.','2025-07-25 09:47:00','VISIBLE'),(54,10,NULL,'kkk','틈틈이 일어나서 움직여주는 게 제일 중요해요.','2025-07-25 09:48:00','VISIBLE'),(55,11,NULL,'lll','저도 8월에 보려고 준비 중입니다! 같이 화이팅해요!','2025-07-25 09:51:00','VISIBLE'),(56,11,NULL,'mmm','좋은 결과 있기를 바라요!','2025-07-25 09:52:00','VISIBLE'),(57,11,NULL,'nnn','스터디 그룹 만들어보시는 건 어떠세요?','2025-07-25 09:53:00','VISIBLE'),(58,12,NULL,'ooo','무슨 드라마인가요? 저도 정주행 해보고 싶네요.','2025-07-25 09:56:00','VISIBLE'),(59,12,NULL,'ppp','저도 최근에 같은 경험 했어요.. 다음 작품 찾아봐야죠.','2025-07-25 09:57:00','VISIBLE'),(60,13,NULL,'qqq','오, 저도 요즘 그렇게 먹는데 은근 꿀맛이에요.','2025-07-25 10:01:00','VISIBLE'),(61,13,NULL,'rrr','진정한 고수시네요!','2025-07-25 10:02:00','VISIBLE'),(62,13,NULL,'sss','저도 해봐야겠네요! 좋은 아이디어 감사합니다.','2025-07-25 10:03:00','VISIBLE'),(63,14,NULL,'ttt','저희 팀은 맨날 2시간씩 해요..ㅠ','2025-07-25 10:06:00','VISIBLE'),(64,14,NULL,'uuu','회의는 짧고 굵게가 최고인데 말이죠.','2025-07-25 10:07:00','VISIBLE'),(65,14,NULL,'vvv','괜히 옆에 있는 사람 찌르게 되는 마법...','2025-07-25 10:08:00','VISIBLE'),(66,15,NULL,'www','자기 전에 따뜻한 우유 한잔 해보세요.','2025-07-25 10:11:00','VISIBLE'),(67,15,NULL,'xxx','낮에 햇빛 보면서 산책하면 좋아요.','2025-07-25 10:12:00','VISIBLE'),(68,15,NULL,'yyy','수면 유도 ASMR 들어보세요.','2025-07-25 10:13:00','VISIBLE'),(69,16,NULL,'zzz','저도 스쿼트 매일 하는데 효과 좋아요.','2025-07-25 10:16:00','VISIBLE'),(70,16,NULL,'aaa','저는 플랭크 추가해서 하고 있어요!','2025-07-25 10:17:00','VISIBLE'),(71,17,NULL,'bbb','공감합니다. 일찍 나가는 수밖에 없죠...','2025-07-25 10:21:00','VISIBLE'),(72,17,NULL,'ccc','자전거로 출근하는 건 어떠세요?','2025-07-25 10:22:00','VISIBLE'),(73,17,NULL,'ddd','저도 그 생각뿐이에요...','2025-07-25 10:23:00','VISIBLE'),(74,18,NULL,'eee','히가시노 게이고의 소설들이 마음 따뜻해지는 경우가 많아요.','2025-07-25 10:26:00','VISIBLE'),(75,18,NULL,'fff','\'데미안\' 추천합니다. 삶의 의미를 돌아보게 돼요.','2025-07-25 10:27:00','VISIBLE'),(76,18,NULL,'ggg','김초엽 작가님 책들이 SF인데도 따뜻한 감성이 있어요.','2025-07-25 10:28:00','VISIBLE'),(77,18,NULL,'hhh','\'해리포터\' 재밌게 읽으셨다면 \'나니아 연대기\'도 좋아요!','2025-07-25 10:29:00','VISIBLE'),(78,18,NULL,'iii','\'소년이 온다\' 읽고 많이 울었어요.','2025-07-25 10:30:00','VISIBLE'),(79,18,NULL,'jjj','\'파친코\'도 감동적이었어요.','2025-07-25 10:31:00','VISIBLE'),(80,19,NULL,'kkk','저는 마카롱에 빠졌어요! 특히 뚱카롱...','2025-07-25 10:31:00','VISIBLE'),(81,19,NULL,'lll','요즘엔 크로플이 최고죠!','2025-07-25 10:32:00','VISIBLE'),(82,19,NULL,'mmm','바스크 치즈케이크 정말 맛있죠! 인정!','2025-07-25 10:33:00','VISIBLE'),(83,20,NULL,'nnn','따뜻한 물 많이 드세요!','2025-07-25 10:36:00','VISIBLE'),(84,20,NULL,'ooo','저도 똑같아요... 얇은 가디건 꼭 챙겨 다니세요.','2025-07-25 10:37:00','VISIBLE'),(85,21,NULL,'ppp','새벽 조깅! 정말 부지런하시네요!','2025-07-26 09:01:00','VISIBLE'),(86,21,NULL,'qqq','저도 해보고 싶은데 아침에 일어나는 게 너무 힘들어요.','2025-07-26 09:02:00','VISIBLE'),(87,22,NULL,'rrr','어떤 카페인가요? 저도 알려주세요!','2025-07-26 09:06:00','VISIBLE'),(88,22,NULL,'sss','분위기 좋은 곳에서 일하면 능률도 오르죠.','2025-07-26 09:07:00','VISIBLE'),(89,23,NULL,'ttt','무슨 책인지 궁금해요!','2025-07-26 09:11:00','VISIBLE'),(90,23,NULL,'uuu','정말 좋은 책은 공유해야죠. 감사합니다!','2025-07-26 09:12:00','VISIBLE'),(91,24,NULL,'vvv','퇴근할 때 비 올까 봐 걱정이네요.','2025-07-26 09:16:00','VISIBLE'),(92,24,NULL,'www','오늘따라 구름이 많더니만...','2025-07-26 09:17:00','VISIBLE'),(93,24,NULL,'xxx','우산 꼭 챙겨야겠네요! 정보 감사합니다.','2025-07-26 09:18:00','VISIBLE'),(94,25,NULL,'yyy','예고편 보니까 꼭 봐야겠더라고요!','2025-07-26 09:21:00','VISIBLE'),(95,25,NULL,'zzz','주말에 보러 가야겠어요.','2025-07-26 09:22:00','VISIBLE'),(96,26,NULL,'aaa','라자냐라니 대단하세요! 완성 사진 기대하겠습니다.','2025-07-26 09:26:00','VISIBLE'),(97,26,NULL,'bbb','요리는 역시 어렵죠...','2025-07-26 09:27:00','VISIBLE'),(98,26,NULL,'ccc','결과가 궁금하네요.','2025-07-26 09:28:00','VISIBLE'),(99,27,NULL,'ddd','사진 올려주세요! 궁금해요!','2025-07-26 09:31:00','VISIBLE'),(100,27,NULL,'eee','애교 많은 강아지는 사랑이죠.','2025-07-26 09:32:00','VISIBLE'),(101,28,NULL,'fff','강원도 양양 추천합니다. 서핑도 하고 좋아요!','2025-07-26 09:36:00','VISIBLE'),(102,28,NULL,'ggg','제주도 한번 다녀오세요. 언제 가도 좋아요.','2025-07-26 09:37:00','VISIBLE'),(103,28,NULL,'hhh','동해 쪽도 괜찮아요. 조용하고 풍경도 예뻐요.','2025-07-26 09:38:00','VISIBLE'),(104,28,NULL,'iii','저는 휴가 때 계곡으로 갔어요. 시원하고 좋더라고요.','2025-07-26 09:39:00','VISIBLE'),(105,28,NULL,'jjj','해외여행은 부담되니까 가까운 부산도 좋아요.','2025-07-26 09:40:00','VISIBLE'),(106,28,NULL,'kkk','경주로 여행 가시는 건 어떠세요?','2025-07-26 09:41:00','VISIBLE'),(107,28,NULL,'lll','캠핑도 좋은 선택입니다!','2025-07-26 09:42:00','VISIBLE'),(108,29,NULL,'mmm','저도 아아파! 여름엔 역시 아메리카노죠.','2025-07-26 09:41:00','VISIBLE'),(109,29,NULL,'nnn','라떼의 부드러움이 좋던데요!','2025-07-26 09:42:00','VISIBLE'),(110,29,NULL,'ooo','가끔은 바닐라 라떼도 좋아요.','2025-07-26 09:43:00','VISIBLE'),(111,30,NULL,'ppp','도예라니 멋진데요! 완성작 궁금합니다!','2025-07-26 09:46:00','VISIBLE'),(112,30,NULL,'qqq','저도 배우고 싶었던 건데 부럽네요.','2025-07-26 09:47:00','VISIBLE'),(113,31,NULL,'rrr','하필 버스 배차 간격 길 때 안 오면 짜증나죠.','2025-07-26 09:51:00','VISIBLE'),(114,31,NULL,'sss','정류장에서 오래 기다리는 것만큼 힘든 일이 없어요.','2025-07-26 09:52:00','VISIBLE'),(115,32,NULL,'ttt','저도 처음엔 그랬어요. 여러 번 해보시면 익숙해지실 거예요.','2025-07-26 09:56:00','VISIBLE'),(116,32,NULL,'uuu','연습만이 살길입니다!','2025-07-26 09:57:00','VISIBLE'),(117,32,NULL,'vvv','괜찮아요, 저도 실패 많이 했어요.','2025-07-26 09:58:00','VISIBLE'),(118,33,NULL,'www','새 폰은 언제나 좋죠!','2025-07-26 10:01:00','VISIBLE'),(119,33,NULL,'xxx','적응하는 데 시간이 좀 걸리죠.','2025-07-26 10:02:00','VISIBLE'),(120,34,NULL,'yyy','제목 알려주세요! 보러 가고 싶어요!','2025-07-26 10:06:00','VISIBLE'),(121,34,NULL,'zzz','저는 \'이상한 변호사 우영우\' 재밌게 봤어요.','2025-07-26 10:07:00','VISIBLE'),(122,34,NULL,'aaa','\'슈룹\'도 정말 재밌었어요.','2025-07-26 10:08:00','VISIBLE'),(123,35,NULL,'bbb','힘내세요! 커피 한잔 하고 하세요.','2025-07-26 10:11:00','VISIBLE'),(124,35,NULL,'ccc','퇴근하고 푹 쉬시길!','2025-07-26 10:12:00','VISIBLE'),(125,35,NULL,'ddd','야근.. 정말 슬프네요 ㅠㅠ','2025-07-26 10:13:00','VISIBLE'),(126,36,NULL,'eee','등산 부럽네요! 날씨 좋을 때 가야죠.','2025-07-26 10:16:00','VISIBLE'),(127,36,NULL,'fff','조심히 다녀오세요!','2025-07-26 10:17:00','VISIBLE'),(128,37,NULL,'ggg','저도 잠이 부족해요... 주말에 몰아서 자도 소용 없더라고요.','2025-07-26 10:21:00','VISIBLE'),(129,37,NULL,'hhh','자기 전에 따뜻한 물로 샤워하면 좋다고 하던데요?','2025-07-26 10:22:00','VISIBLE'),(130,38,NULL,'iii','무슨 게임인지 알려주세요!','2025-07-26 10:26:00','VISIBLE'),(131,38,NULL,'jjj','새 게임 재밌는 거 있으면 저도 추천해주세요.','2025-07-26 10:27:00','VISIBLE'),(132,39,NULL,'kkk','자전거 타기 좋은 날씨죠!','2025-07-26 10:31:00','VISIBLE'),(133,39,NULL,'lll','건강에도 좋고 기분 전환도 되고 최고네요.','2025-07-26 10:32:00','VISIBLE'),(134,40,NULL,'mmm','집에서 일하면 집중이 잘 되시나 봐요! 부럽네요.','2025-07-26 10:36:00','VISIBLE'),(135,40,NULL,'nnn','전 재택하면 더 늘어지던데...','2025-07-26 10:37:00','VISIBLE'),(136,41,NULL,'uuu','사진 취미 멋지네요! 폰으로 찍으시는 건가요?','2025-07-27 09:02:00','VISIBLE'),(137,41,NULL,'vvv','어떤 거 찍으시는지 궁금해요!','2025-07-27 09:03:00','VISIBLE'),(138,42,NULL,'www','오늘은 든든하게 국밥 한 그릇 어떠세요?','2025-07-27 09:06:00','VISIBLE'),(139,42,NULL,'xxx','근처에 맛있는 덮밥집 있는데 가보세요!','2025-07-27 09:07:00','VISIBLE'),(140,42,NULL,'yyy','저는 어제 돈까스 먹었어요. 맛있던데요!','2025-07-27 09:08:00','VISIBLE'),(141,42,NULL,'zzz','간단하게 샐러드도 괜찮을 것 같아요!','2025-07-27 09:09:00','VISIBLE'),(142,42,NULL,'aaa','결정장애일 땐 역시 중식이죠!','2025-07-27 09:10:00','VISIBLE'),(143,43,NULL,'bbb','무슨 소설인지 알려주세요! 저도 읽어보고 싶네요.','2025-07-27 09:11:00','VISIBLE'),(144,43,NULL,'ccc','책 읽는 시간은 정말 소중하죠.','2025-07-27 09:12:00','VISIBLE'),(145,44,NULL,'ddd','요가 정말 좋은 것 같아요! 몸이 시원해지죠.','2025-07-27 09:16:00','VISIBLE'),(146,44,NULL,'eee','저도 요가 배워보고 싶었는데 후기 좋네요.','2025-07-27 09:17:00','VISIBLE'),(147,45,NULL,'fff','노을 사진 올려주세요! 궁금해요!','2025-07-27 09:21:00','VISIBLE'),(148,45,NULL,'ggg','퇴근길에 보는 노을은 정말 아름답죠.','2025-07-27 09:22:00','VISIBLE'),(149,46,NULL,'hhh','축하드려요! 새 신발 신고 좋은 곳만 가세요!','2025-07-27 09:26:00','VISIBLE'),(150,46,NULL,'iii','어떤 신발인지 궁금하네요!','2025-07-27 09:27:00','VISIBLE'),(151,47,NULL,'jjj','힘내세요! 바쁠 때가 좋은 거죠.','2025-07-27 09:31:00','VISIBLE'),(152,47,NULL,'kkk','잠깐이라도 쉬는 시간 가지시길 바랍니다.','2025-07-27 09:32:00','VISIBLE'),(153,48,NULL,'lll','꿀팁 감사합니다! 저도 한번 해볼게요!','2025-07-27 09:36:00','VISIBLE'),(154,48,NULL,'mmm','역시 커피는 정성이 들어가야 맛있죠.','2025-07-27 09:37:00','VISIBLE'),(155,49,NULL,'nnn','무슨 영화인지 알려주시면 감사하겠습니다!','2025-07-27 09:41:00','VISIBLE'),(156,49,NULL,'ooo','좋은 영화는 함께 나눠야죠!','2025-07-27 09:42:00','VISIBLE'),(157,50,NULL,'ppp','효과 좋은 스트레칭 팁 감사합니다! 해봐야겠네요.','2025-07-27 09:46:00','VISIBLE'),(158,50,NULL,'qqq','따라 해봤는데 시원하네요!','2025-07-27 09:47:00','VISIBLE'),(159,51,NULL,'rrr','괜찮아요! 저도 자주 실패해요 ㅠㅠ','2025-07-27 09:51:00','VISIBLE'),(160,51,NULL,'sss','파스타 면 삶는 거 은근 어렵죠.','2025-07-27 09:52:00','VISIBLE'),(161,51,NULL,'ttt','라면 끓이듯 하면 안 되죠...','2025-07-27 09:53:00','VISIBLE'),(162,52,NULL,'uuu','충분히 쉬셔야죠! 힘내세요.','2025-07-27 09:56:00','VISIBLE'),(163,52,NULL,'vvv','저도 요즘 잠이 부족해요... 주말에 몰아서 자도 소용 없더라고요.','2025-07-27 09:57:00','VISIBLE'),(164,53,NULL,'www','등산 부럽네요! 주말에 날씨 좋았으면 좋겠어요.','2025-07-27 10:01:00','VISIBLE'),(165,53,NULL,'xxx','안전하게 다녀오세요!','2025-07-27 10:02:00','VISIBLE'),(166,54,NULL,'yyy','작은 화분 하나로 분위기가 확 바뀌죠!','2025-07-27 10:06:00','VISIBLE'),(167,54,NULL,'zzz','저도 식물 키워보고 싶어요.','2025-07-27 10:07:00','VISIBLE'),(168,55,NULL,'aaa','RPG 좋아하시면 \'파이널판타지14\' 추천해요!','2025-07-27 10:11:00','VISIBLE'),(169,55,NULL,'bbb','\'로스트아크\' 해보셨나요? 재밌어요!','2025-07-27 10:12:00','VISIBLE'),(170,55,NULL,'ccc','스팀 게임 중에 \'디비전2\'도 추천합니다.','2025-07-27 10:13:00','VISIBLE'),(171,56,NULL,'ddd','좋은 습관이네요! 꾸준히 하세요.','2025-07-27 10:16:00','VISIBLE'),(172,56,NULL,'eee','일기 쓰면 하루를 돌아볼 수 있어서 좋아요.','2025-07-27 10:17:00','VISIBLE'),(173,57,NULL,'fff','오늘따라 버스가 더 안 오는 것 같아요.','2025-07-27 10:21:00','VISIBLE'),(174,57,NULL,'ggg','짜증 나셨겠어요 ㅠㅠ','2025-07-27 10:22:00','VISIBLE'),(175,58,NULL,'hhh','정말... 에어컨 없으면 못 살아요.','2025-07-27 10:26:00','VISIBLE'),(176,58,NULL,'iii','더위 조심하세요! 건강이 최고예요.','2025-07-27 10:27:00','VISIBLE'),(177,58,NULL,'jjj','그래도 저녁엔 좀 선선해져서 다행이에요.','2025-07-27 10:28:00','VISIBLE'),(178,59,NULL,'kkk','무슨 드라마 보시는지 알려주세요! 저도 정주행 하려고요.','2025-07-27 10:31:00','VISIBLE'),(179,59,NULL,'lll','저도 명작들은 종종 다시 봐요.','2025-07-27 10:32:00','VISIBLE'),(180,60,NULL,'mmm','화이팅! 저는 카페인 못 끊어요 ㅠㅠ','2025-07-27 10:36:00','VISIBLE'),(181,60,NULL,'nnn','힘들겠지만 성공하시길 바랍니다!','2025-07-27 10:37:00','VISIBLE'),(182,61,NULL,'ooo','산책은 정말 좋은 스트레스 해소법이죠.','2025-07-27 10:41:00','VISIBLE'),(183,61,NULL,'ppp','저도 산책하러 나가봐야겠네요.','2025-07-27 10:42:00','VISIBLE'),(184,62,NULL,'qqq','새벽에 일어나는 거 정말 힘든데 대단하시네요!','2025-07-28 09:01:00','VISIBLE'),(185,62,NULL,'rrr','상쾌한 기분 저도 느껴보고 싶어요.','2025-07-28 09:02:00','VISIBLE'),(186,63,NULL,'sss','어떤 식당인지 궁금해요! 정보 공유해주시면 감사하겠습니다.','2025-07-28 09:06:00','VISIBLE'),(187,63,NULL,'ttt','맛집 탐방하는 거 정말 즐겁죠.','2025-07-28 09:07:00','VISIBLE'),(188,64,NULL,'uuu','바다는 언제나 옳죠! 시원하게 다녀오세요.','2025-07-28 09:11:00','VISIBLE'),(189,64,NULL,'vvv','계곡도 좋은 선택입니다!','2025-07-28 09:12:00','VISIBLE'),(190,65,NULL,'www','조용한 곳에서 책 읽는 것만큼 좋은 힐링이 없죠.','2025-07-28 09:16:00','VISIBLE'),(191,65,NULL,'xxx','무슨 책 읽으시는지 궁금하네요.','2025-07-28 09:17:00','VISIBLE'),(192,66,NULL,'yyy','간단한 레시피 감사합니다! 따라 해봐야겠네요.','2025-07-28 09:21:00','VISIBLE'),(193,66,NULL,'zzz','파스타 레시피는 언제나 환영이죠.','2025-07-28 09:22:00','VISIBLE'),(194,66,NULL,'aaa','저는 파스타에 버섯 추가하는 거 좋아해요.','2025-07-28 09:23:00','VISIBLE'),(195,67,NULL,'bbb','산 정상에서의 경치는 정말 최고죠!','2025-07-28 09:26:00','VISIBLE'),(196,67,NULL,'ccc','어떤 산인지 궁금해요!','2025-07-28 09:27:00','VISIBLE'),(197,67,NULL,'ddd','부지런하시네요! 주말에 등산이라니.','2025-07-28 09:28:00','VISIBLE'),(198,68,NULL,'eee','아침 커피는 하루를 시작하는 원동력이죠.','2025-07-28 09:31:00','VISIBLE'),(199,68,NULL,'fff','공감합니다!','2025-07-28 09:32:00','VISIBLE'),(200,69,NULL,'ggg','재택근무 부럽네요. 저는 집에서 일하면 자꾸 딴짓하게 되던데...','2025-07-28 09:36:00','VISIBLE'),(201,69,NULL,'hhh','재택근무가 집중력 높이는 데 도움이 되는군요!','2025-07-28 09:37:00','VISIBLE'),(202,70,NULL,'iii','가족과 함께 보기 좋은 영화 정보 감사합니다!','2025-07-28 09:41:00','VISIBLE'),(203,70,NULL,'jjj','무슨 영화인지 알려주시면 좋겠어요.','2025-07-28 09:42:00','VISIBLE'),(204,71,NULL,'kkk','채식이라니 대단하시네요!','2025-07-28 09:46:00','VISIBLE'),(205,71,NULL,'lll','저도 도전해보고 싶어요. 좋은 결과 있길 바랍니다!','2025-07-28 09:47:00','VISIBLE'),(206,72,NULL,'mmm','스트레칭 정말 중요하죠. 공감합니다.','2025-07-28 09:51:00','VISIBLE'),(207,72,NULL,'nnn','운동 후 스트레칭 안 하면 다음 날 너무 힘들어요 ㅠㅠ','2025-07-28 09:52:00','VISIBLE'),(208,73,NULL,'ooo','새 책은 언제나 환영이죠!','2025-07-28 09:56:00','VISIBLE'),(209,73,NULL,'ppp','저도 책장 정리 한번 해야겠네요.','2025-07-28 09:57:00','VISIBLE'),(210,74,NULL,'qqq','플레이리스트 공유해주시면 감사하겠습니다!','2025-07-28 10:01:00','VISIBLE'),(211,74,NULL,'rrr','좋은 음악 들으면 기분 좋아지죠.','2025-07-28 10:02:00','VISIBLE'),(212,75,NULL,'sss','빨리 고쳐서 다시 라이딩하러 가시길!','2025-07-28 10:06:00','VISIBLE'),(213,75,NULL,'ttt','저도 얼마 전에 펑크 났었는데 ㅠㅠ','2025-07-28 10:07:00','VISIBLE'),(214,76,NULL,'uuu','맞아요! 자외선 차단제는 필수죠!','2025-07-28 10:11:00','VISIBLE'),(215,76,NULL,'vvv','피부 관리 팁 공유해주시면 좋겠네요!','2025-07-28 10:12:00','VISIBLE'),(216,76,NULL,'www','선크림은 꼭 바르세요!','2025-07-28 10:13:00','VISIBLE'),(217,77,NULL,'xxx','배터리 교체 주기가 된 것 아닐까요?','2025-07-28 10:16:00','VISIBLE'),(218,77,NULL,'yyy','절전 모드를 켜보시는 건 어떠세요?','2025-07-28 10:17:00','VISIBLE'),(219,78,NULL,'zzz','여행 계획 짜는 건 언제나 즐겁죠.','2025-07-28 10:21:00','VISIBLE'),(220,78,NULL,'aaa','어디로 가시는지 궁금하네요!','2025-07-28 10:22:00','VISIBLE'),(221,79,NULL,'bbb','시리얼은 간단하고 맛있어서 좋죠.','2025-07-28 10:26:00','VISIBLE'),(222,79,NULL,'ccc','든든하게 드시고 하루 시작하세요!','2025-07-28 10:27:00','VISIBLE'),(223,80,NULL,'ddd','새 매트에서 즐겁게 요가하세요!','2025-07-28 10:31:00','VISIBLE'),(224,80,NULL,'eee','장비 갖추니 더 열심히 하고 싶어지죠.','2025-07-28 10:32:00','VISIBLE'),(225,81,NULL,'fff','지하철 지옥... 공감합니다.','2025-07-28 10:36:00','VISIBLE'),(226,81,NULL,'ggg','힘내세요! 오늘은 좀 덜 붐볐으면 좋겠네요.','2025-07-28 10:37:00','VISIBLE'),(402,82,NULL,'hhh','고민될 땐 치킨이죠!','2025-07-28 10:41:00','VISIBLE'),(403,82,NULL,'iii','저는 오늘 파스타 해먹을 거예요.','2025-07-28 10:42:00','VISIBLE'),(404,82,NULL,'jjj','떡볶이 어떠세요?','2025-07-28 10:43:00','VISIBLE'),(405,83,NULL,'kkk','산책은 정말 좋은 습관인 것 같아요.','2025-07-29 09:01:00','VISIBLE'),(406,83,NULL,'lll','상쾌한 공기 마시며 시작하는 하루라니 좋네요.','2025-07-29 09:02:00','VISIBLE'),(407,84,NULL,'mmm','점심은 역시 부대찌개죠!','2025-07-29 09:06:00','VISIBLE'),(408,84,NULL,'nnn','가볍게 샌드위치도 괜찮을 것 같아요.','2025-07-29 09:07:00','VISIBLE'),(409,84,NULL,'ooo','칼국수 어떠세요?','2025-07-29 09:08:00','VISIBLE'),(410,84,NULL,'ppp','추천받은 맛집에 가보세요!','2025-07-29 09:09:00','VISIBLE'),(411,85,NULL,'qqq','헬스장 등록 축하드립니다! 꾸준히 하는 게 제일 중요해요.','2025-07-29 09:11:00','VISIBLE'),(412,85,NULL,'rrr','작심삼일 안 되게 화이팅!','2025-07-29 09:12:00','VISIBLE'),(413,86,NULL,'sss','어떤 영화 보셨는지 궁금해요!','2025-07-29 09:16:00','VISIBLE'),(414,86,NULL,'ttt','주말엔 역시 영화죠!','2025-07-29 09:17:00','VISIBLE'),(415,86,NULL,'uuu','넷플릭스 신작 \'괴물\' 추천합니다.','2025-07-29 09:18:00','VISIBLE'),(416,87,NULL,'vvv','퇴근 시간 버스는 언제나 헬이죠.','2025-07-29 09:21:00','VISIBLE'),(417,87,NULL,'www','힘내세요! 곧 퇴근입니다!','2025-07-29 09:22:00','VISIBLE'),(418,88,NULL,'xxx','파스타 소스 태우는 건 정말 흔한 실수죠.','2025-07-29 09:26:00','VISIBLE'),(419,88,NULL,'yyy','괜찮아요! 다음엔 잘 될 거예요.','2025-07-29 09:27:00','VISIBLE'),(420,89,NULL,'zzz','안전하게 즐거운 여행 되세요!','2025-07-29 09:31:00','VISIBLE'),(421,89,NULL,'aaa','어디로 가시는지 궁금하네요!','2025-07-29 09:32:00','VISIBLE'),(422,89,NULL,'bbb','산으로 가는 여행도 좋죠.','2025-07-29 09:33:00','VISIBLE'),(423,90,NULL,'ccc','무슨 책인지 알려주세요!','2025-07-29 09:36:00','VISIBLE'),(424,90,NULL,'ddd','책 읽는 시간은 정말 소중하죠.','2025-07-29 09:37:00','VISIBLE'),(425,91,NULL,'eee','요가로 몸이 좋아지셨다니 부럽네요!','2025-07-29 09:41:00','VISIBLE'),(426,91,NULL,'fff','저도 요가 도전해보고 싶어요.','2025-07-29 09:42:00','VISIBLE'),(427,92,NULL,'ggg','집에서 내려 마시는 커피가 최고죠.','2025-07-29 09:46:00','VISIBLE'),(428,92,NULL,'hhh','저도 아침엔 꼭 커피 한잔 마셔요.','2025-07-29 09:47:00','VISIBLE'),(429,93,NULL,'iii','야근이라니... 힘내세요!','2025-07-29 09:51:00','VISIBLE'),(430,93,NULL,'jjj','빨리 퇴근하고 쉬세요!','2025-07-29 09:52:00','VISIBLE'),(431,94,NULL,'kkk','등산 계획 멋지네요!','2025-07-29 09:56:00','VISIBLE'),(432,94,NULL,'lll','안전하게 다녀오세요!','2025-07-29 09:57:00','VISIBLE'),(433,95,NULL,'mmm','작은 화분 하나로 분위기가 확 바뀌죠.','2025-07-29 10:01:00','VISIBLE'),(434,95,NULL,'nnn','식물 키우는 거 정말 좋은 취미인 것 같아요.','2025-07-29 10:02:00','VISIBLE'),(435,96,NULL,'ooo','RPG 좋아하시면 \'엘든 링\' 추천해요!','2025-07-29 10:06:00','VISIBLE'),(436,96,NULL,'ppp','\'디아블로4\'도 괜찮던데요.','2025-07-29 10:07:00','VISIBLE'),(437,97,NULL,'qqq','일기 쓰는 거 좋은 습관이죠!','2025-07-29 10:11:00','VISIBLE'),(438,97,NULL,'rrr','꾸준히 하시면 좋은 결과 있으실 거예요.','2025-07-29 10:12:00','VISIBLE'),(439,98,NULL,'sss','버스가 늦으면 정말 짜증나죠.','2025-07-29 10:16:00','VISIBLE'),(440,98,NULL,'ttt','괜찮아요! 다음엔 일찍 출발하세요.','2025-07-29 10:17:00','VISIBLE'),(441,99,NULL,'uuu','정말... 에어컨 없으면 못 살아요.','2025-07-29 10:21:00','VISIBLE'),(442,99,NULL,'vvv','더위 조심하세요!','2025-07-29 10:22:00','VISIBLE'),(443,99,NULL,'www','이럴 땐 시원한 계곡이 생각나네요.','2025-07-29 10:23:00','VISIBLE'),(444,100,NULL,'xxx','무슨 드라마인지 알려주시면 감사하겠습니다!','2025-07-29 10:26:00','VISIBLE'),(445,100,NULL,'yyy','저도 명작들은 종종 다시 봐요.','2025-07-29 10:27:00','VISIBLE'),(446,101,NULL,'zzz','화이팅! 저는 카페인 못 끊어요 ㅠㅠ','2025-07-29 10:31:00','VISIBLE'),(447,101,NULL,'aaa','힘들겠지만 성공하시길 바랍니다!','2025-07-29 10:32:00','VISIBLE'),(448,102,NULL,'bbb','산책은 정말 좋은 스트레스 해소법이죠.','2025-07-29 10:36:00','VISIBLE'),(449,102,NULL,'ccc','저도 산책하러 나가봐야겠네요.','2025-07-29 10:37:00','VISIBLE'),(450,103,NULL,'ddd','공원에서 산책하는 거 정말 좋죠.','2025-07-30 09:01:00','VISIBLE'),(451,103,NULL,'eee','힐링 제대로 하셨겠네요.','2025-07-30 09:02:00','VISIBLE'),(452,104,NULL,'fff','요가로 하루를 시작하다니 부지런하시네요!','2025-07-30 09:06:00','VISIBLE'),(453,104,NULL,'ggg','저는 아침에 눈 뜨는 것도 힘든데...','2025-07-30 09:07:00','VISIBLE'),(454,105,NULL,'hhh','김치찌개 어떠세요? 든든하게 한 끼 해결!','2025-07-30 09:11:00','VISIBLE'),(455,105,NULL,'iii','간단하게 샐러드도 괜찮을 것 같아요.','2025-07-30 09:12:00','VISIBLE'),(456,105,NULL,'jjj','고민될 땐 짜장면!','2025-07-30 09:13:00','VISIBLE'),(457,105,NULL,'kkk','가볍게 먹고 싶으면 샌드위치도 좋죠.','2025-07-30 09:14:00','VISIBLE'),(458,105,NULL,'lll','근처에 있는 맛집에 가보세요!','2025-07-30 09:15:00','VISIBLE'),(459,106,NULL,'mmm','무슨 영화인지 궁금해요!','2025-07-30 09:16:00','VISIBLE'),(460,106,NULL,'nnn','영화 감상은 최고의 힐링이죠.','2025-07-30 09:17:00','VISIBLE'),(461,107,NULL,'ooo','퇴근 시간 버스는 정말 ㅠㅠ','2025-07-30 09:21:00','VISIBLE'),(462,107,NULL,'ppp','지옥철, 지옥 버스 공감합니다.','2025-07-30 09:22:00','VISIBLE'),(463,108,NULL,'qqq','김치찌개라니 멋지네요! 맛있게 드세요.','2025-07-30 09:26:00','VISIBLE'),(464,108,NULL,'rrr','처음 해보는 요리 성공하셨길 바랍니다!','2025-07-30 09:27:00','VISIBLE'),(465,108,NULL,'sss','김치찌개 꿀팁 알려드릴까요?','2025-07-30 09:28:00','VISIBLE'),(466,109,NULL,'ttt','무슨 소설인지 알려주세요! 감동적인 책 읽고 싶어요.','2025-07-30 09:31:00','VISIBLE'),(467,109,NULL,'uuu','추천 감사합니다!','2025-07-30 09:32:00','VISIBLE'),(468,110,NULL,'vvv','커피는 언제나 사랑이죠.','2025-07-30 09:36:00','VISIBLE'),(469,110,NULL,'www','공감합니다. 커피 한잔으로 하루를 버티는 것 같아요.','2025-07-30 09:37:00','VISIBLE'),(470,111,NULL,'xxx','매일 걷기라니 멋지네요!','2025-07-30 09:41:00','VISIBLE'),(471,111,NULL,'yyy','꾸준함이 답이죠!','2025-07-30 09:42:00','VISIBLE'),(472,112,NULL,'zzz','영화 보러 가시는군요! 즐거운 시간 보내세요.','2025-07-30 09:46:00','VISIBLE'),(473,112,NULL,'aaa','무슨 영화 보시는지 알려주세요.','2025-07-30 09:47:00','VISIBLE'),(474,113,NULL,'bbb','허리 아플 때 스트레칭 팁 감사합니다!','2025-07-30 09:51:00','VISIBLE'),(475,113,NULL,'ccc','오래 앉아있을 땐 스트레칭이 필수죠.','2025-07-30 09:52:00','VISIBLE'),(476,114,NULL,'ddd','책 정리하는 거 정말 힘들죠.','2025-07-30 09:56:00','VISIBLE'),(477,114,NULL,'eee','정리하면 기분 좋죠!','2025-07-30 09:57:00','VISIBLE'),(478,115,NULL,'fff','요가 클래스 정말 좋으셨다니 다행이네요!','2025-07-30 10:01:00','VISIBLE'),(479,115,NULL,'ggg','저도 요가 배워보고 싶어요.','2025-07-30 10:02:00','VISIBLE'),(480,116,NULL,'hhh','여행 계획은 언제나 설레죠.','2025-07-30 10:06:00','VISIBLE'),(481,116,NULL,'iii','어디로 가시는지 궁금하네요!','2025-07-30 10:07:00','VISIBLE'),(482,117,NULL,'jjj','재택근무 부럽네요! 집중 잘 되신다니 다행입니다.','2025-07-30 10:11:00','VISIBLE'),(483,117,NULL,'kkk','저는 재택하면 더 늘어지던데...','2025-07-30 10:12:00','VISIBLE'),(484,118,NULL,'lll','파스타 면 삶는 거 은근 어렵죠.','2025-07-30 10:16:00','VISIBLE'),(485,118,NULL,'mmm','괜찮아요! 저도 자주 실패해요 ㅠㅠ','2025-07-30 10:17:00','VISIBLE'),(486,119,NULL,'nnn','라떼 맛있죠!','2025-07-30 10:21:00','VISIBLE'),(487,119,NULL,'ooo','저도 오늘 라떼 마셨어요!','2025-07-30 10:22:00','VISIBLE'),(488,120,NULL,'ppp','등산 부럽네요! 주말에 날씨 좋았으면 좋았겠어요.','2025-07-30 10:26:00','VISIBLE'),(489,120,NULL,'qqq','안전하게 다녀오세요!','2025-07-30 10:27:00','VISIBLE'),(490,121,NULL,'rrr','새로운 RPG 게임 찾으시는군요!','2025-07-30 10:31:00','VISIBLE'),(491,121,NULL,'sss','\'엘든 링\' 추천합니다!','2025-07-30 10:32:00','VISIBLE'),(492,122,NULL,'ttt','음악 들으며 쉬는 시간은 정말 꿀이죠.','2025-07-30 10:36:00','VISIBLE'),(493,122,NULL,'uuu','푹 쉬세요!','2025-07-30 10:37:00','VISIBLE'),(494,123,NULL,'uuu','독서 멋지네요! 무슨 책 읽으세요?','2025-07-31 09:01:00','VISIBLE'),(495,123,NULL,'vvv','책 읽는 시간은 정말 힐링이죠.','2025-07-31 09:02:00','VISIBLE'),(496,124,NULL,'www','요가로 하루를 시작하다니 대단하세요!','2025-07-31 09:06:00','VISIBLE'),(497,124,NULL,'xxx','저는 아침에 눈 뜨는 것도 힘들어요 ㅠㅠ','2025-07-31 09:07:00','VISIBLE'),(498,125,NULL,'yyy','오늘은 돈까스 어떠세요?','2025-07-31 09:11:00','VISIBLE'),(499,125,NULL,'zzz','고민될 땐 역시 짜장면이죠!','2025-07-31 09:12:00','VISIBLE'),(500,125,NULL,'aaa','국밥 든든하게 한 그릇 추천합니다!','2025-07-31 09:13:00','VISIBLE'),(501,125,NULL,'bbb','가볍게 샐러드도 괜찮을 것 같아요.','2025-07-31 09:14:00','VISIBLE'),(502,125,NULL,'ccc','근처 맛집에 가보시는 건 어떠세요?','2025-07-31 09:15:00','VISIBLE'),(503,126,NULL,'ddd','무슨 영화 보셨는지 궁금해요!','2025-07-31 09:16:00','VISIBLE'),(504,126,NULL,'eee','영화 감상은 최고의 힐링이죠.','2025-07-31 09:17:00','VISIBLE'),(505,127,NULL,'fff','야근이라니... 힘내세요!','2025-07-31 09:21:00','VISIBLE'),(506,127,NULL,'ggg','빨리 끝내고 푹 쉬시길 바랍니다!','2025-07-31 09:22:00','VISIBLE'),(507,128,NULL,'hhh','파스타 면 삶는 건 은근 어렵죠.','2025-07-31 09:26:00','VISIBLE'),(508,128,NULL,'iii','괜찮아요! 다음엔 잘 될 거예요!','2025-07-31 09:27:00','VISIBLE'),(509,129,NULL,'jjj','무슨 소설인지 알려주세요!','2025-07-31 09:31:00','VISIBLE'),(510,129,NULL,'kkk','추천 감사합니다!','2025-07-31 09:32:00','VISIBLE'),(511,130,NULL,'lll','커피 한잔으로 하루를 버티는 것 같아요.','2025-07-31 09:36:00','VISIBLE'),(512,130,NULL,'mmm','공감합니다!','2025-07-31 09:37:00','VISIBLE'),(513,131,NULL,'nnn','매일 걷기라니 멋지네요!','2025-07-31 09:41:00','VISIBLE'),(514,131,NULL,'ooo','꾸준함이 답이죠!','2025-07-31 09:42:00','VISIBLE'),(515,132,NULL,'ppp','주말에 영화라니! 즐거운 시간 보내세요.','2025-07-31 09:46:00','VISIBLE'),(516,132,NULL,'qqq','무슨 영화 보시는지 알려주세요.','2025-07-31 09:47:00','VISIBLE'),(517,133,NULL,'rrr','허리 아플 때 스트레칭 팁 감사합니다!','2025-07-31 09:51:00','VISIBLE'),(518,133,NULL,'sss','오래 앉아있을 땐 스트레칭이 필수죠.','2025-07-31 09:52:00','VISIBLE'),(519,134,NULL,'ttt','책 정리하는 거 정말 힘들죠.','2025-07-31 09:56:00','VISIBLE'),(520,134,NULL,'uuu','정리하고 나면 뿌듯하죠!','2025-07-31 09:57:00','VISIBLE'),(521,135,NULL,'vvv','요가 클래스 좋으셨다니 다행이네요!','2025-07-31 10:01:00','VISIBLE'),(522,135,NULL,'www','저도 요가 배워보고 싶어요.','2025-07-31 10:02:00','VISIBLE'),(523,136,NULL,'xxx','여행 계획은 언제나 설레죠.','2025-07-31 10:06:00','VISIBLE'),(524,136,NULL,'yyy','어디로 가시는지 궁금하네요!','2025-07-31 10:07:00','VISIBLE'),(525,137,NULL,'zzz','재택근무 부럽네요!','2025-07-31 10:11:00','VISIBLE'),(526,137,NULL,'aaa','저는 재택하면 더 늘어지던데...','2025-07-31 10:12:00','VISIBLE'),(527,138,NULL,'bbb','괜찮아요! 저도 자주 실패해요 ㅠㅠ','2025-07-31 10:16:00','VISIBLE'),(528,138,NULL,'ccc','다음엔 꼭 성공하시길 바랍니다!','2025-07-31 10:17:00','VISIBLE'),(529,139,NULL,'ddd','라떼 맛있죠!','2025-07-31 10:21:00','VISIBLE'),(530,139,NULL,'eee','저도 오늘 라떼 마셨어요!','2025-07-31 10:22:00','VISIBLE'),(531,140,NULL,'fff','안전하게 다녀오세요!','2025-07-31 10:26:00','VISIBLE'),(532,140,NULL,'ggg','등산 부럽네요!','2025-07-31 10:27:00','VISIBLE'),(533,141,NULL,'hhh','새로운 RPG 게임 찾으시는군요!','2025-07-31 10:31:00','VISIBLE'),(534,141,NULL,'iii','\'엘든 링\' 추천합니다!','2025-07-31 10:32:00','VISIBLE'),(535,142,NULL,'jjj','음악 들으며 쉬는 시간은 정말 꿀이죠.','2025-07-31 10:36:00','VISIBLE'),(536,142,NULL,'kkk','푹 쉬세요!','2025-07-31 10:37:00','VISIBLE'),(537,143,NULL,'lll','휴가 잘 보내세요! 부럽네요!','2025-08-01 09:01:00','VISIBLE'),(538,143,NULL,'mmm','재밌게 다녀오시길 바랍니다!','2025-08-01 09:02:00','VISIBLE'),(539,143,NULL,'nnn','어디로 가시는지 궁금하네요!','2025-08-01 09:03:00','VISIBLE'),(540,143,NULL,'ooo','안전하게 다녀오세요!','2025-08-01 09:04:00','VISIBLE'),(541,144,NULL,'ooo','맑은 공기 마시며 산책하는 거 너무 좋죠!','2025-08-01 09:00:00','VISIBLE'),(542,145,NULL,'ppp','가볍게 먹을 만한 점심 메뉴 고민되네요.','2025-08-01 09:05:00','VISIBLE'),(543,145,NULL,'aaa','김치볶음밥에 계란후라이 추가해서 먹었어요!','2025-08-01 09:07:00','VISIBLE'),(544,145,NULL,'bbb','가볍게 먹는다면 샐러드도 괜찮을 것 같아요.','2025-08-01 09:08:00','VISIBLE'),(545,145,NULL,'ccc','칼국수 어떠세요? 요즘 같은 날씨에 딱!','2025-08-01 09:09:00','VISIBLE'),(546,145,NULL,'ddd','고민될 땐 역시 국밥이죠. 든든합니다.','2025-08-01 09:10:00','VISIBLE'),(547,146,NULL,'qqq','헬스장에서 운동 시작하셨군요! 화이팅!','2025-08-01 09:10:00','VISIBLE'),(548,147,NULL,'rrr','주말에 볼만한 영화 추천 받으시는군요!','2025-08-01 09:15:00','VISIBLE'),(549,147,NULL,'eee','최근에 개봉한 재난 영화 \'도시의 그림자\' 추천해요. 정말 재밌어요!','2025-08-01 09:17:00','VISIBLE'),(550,147,NULL,'fff','저는 스릴러 영화 \'사라진 열쇠\' 추천합니다. 반전이 대박이에요.','2025-08-01 09:18:00','VISIBLE'),(551,147,NULL,'ggg','디즈니 애니메이션 \'마법의 숲\' 보셨나요? 힐링하기 좋아요.','2025-08-01 09:19:00','VISIBLE'),(552,148,NULL,'sss','오늘도 버스가 늦는다니 힘내세요!','2025-08-01 09:20:00','VISIBLE'),(553,149,NULL,'ttt','파스타 소스 태우는 건 흔한 일이죠 ㅠㅠ','2025-08-01 09:25:00','VISIBLE'),(554,150,NULL,'uuu','가까운 산으로 여행 가시는군요! 즐거운 시간 보내세요.','2025-08-01 09:30:00','VISIBLE'),(555,150,NULL,'hhh','어디로 가시는지 궁금하네요! 안전하게 잘 다녀오세요!','2025-08-01 09:32:00','VISIBLE'),(556,150,NULL,'iii','산으로 가는 여행이라니 멋지네요. 맑은 공기 많이 마시고 오세요.','2025-08-01 09:33:00','VISIBLE'),(557,150,NULL,'jjj','혹시 북한산 가시나요? 등산 초보도 갈만한 코스 있어요.','2025-08-01 09:34:00','VISIBLE'),(558,151,NULL,'vvv','최근에 읽은 책 추천해주셔서 감사합니다.','2025-08-01 09:35:00','VISIBLE'),(559,152,NULL,'www','요가 시작하고 몸이 좋아지셨다니 부럽네요!','2025-08-01 09:40:00','VISIBLE'),(560,153,NULL,'xxx','집에서 내려 마신 커피가 최고죠.','2025-08-01 09:45:00','VISIBLE'),(561,154,NULL,'yyy','오늘도 야근이라니... 힘내세요!','2025-08-01 09:50:00','VISIBLE'),(562,155,NULL,'zzz','친구들과 등산 가기로 하셨군요! 안전하게 다녀오세요.','2025-08-01 09:55:00','VISIBLE'),(563,156,NULL,'aaa','작은 화분 하나로 방 분위기가 달라지죠.','2025-08-01 10:00:00','VISIBLE'),(564,157,NULL,'bbb','재밌는 RPG 게임 찾으시는군요!','2025-08-01 10:05:00','VISIBLE'),(565,157,NULL,'kkk','RPG 좋아하시면 \'엘든 링\' 추천합니다. 그래픽과 스토리가 최고예요.','2025-08-01 10:07:00','VISIBLE'),(566,157,NULL,'lll','\'발더스 게이트 3\'는 해보셨나요? 자유도가 엄청나서 재밌어요.','2025-08-01 10:08:00','VISIBLE'),(567,157,NULL,'mmm','\'젤다의 전설\' 시리즈도 명작이죠. 안 해보셨다면 꼭 해보세요.','2025-08-01 10:09:00','VISIBLE'),(568,158,NULL,'ccc','매일 일기 쓰는 거 정말 좋은 습관인 것 같아요.','2025-08-01 10:10:00','VISIBLE'),(569,159,NULL,'ddd','오늘도 버스가 늦네요... 힘내세요!','2025-08-01 10:15:00','VISIBLE'),(570,160,NULL,'eee','에어컨 없으면 못 살겠어요. 정말 공감합니다.','2025-08-01 10:20:00','VISIBLE'),(571,160,NULL,'nnn','오늘 정말 땀이 비 오듯 쏟아지네요. 에어컨 없이는 못 살겠어요.','2025-08-01 10:22:00','VISIBLE'),(572,160,NULL,'ooo','얼른 여름이 지나갔으면 좋겠어요. 더위에 지쳐요.','2025-08-01 10:23:00','VISIBLE'),(573,160,NULL,'ppp','이럴 때는 집에서 시원하게 에어컨 틀고 쉬는 게 최고인 것 같아요.','2025-08-01 10:24:00','VISIBLE'),(574,161,NULL,'fff','예전에 봤던 드라마 또 보시는군요!','2025-08-01 10:25:00','VISIBLE'),(575,162,NULL,'ggg','하루에 커피 한 잔만 마시려니 힘드시겠어요. 응원합니다!','2025-08-01 10:30:00','VISIBLE'),(576,163,NULL,'hhh','산책 다녀오니 좀 나아지셨다니 다행이네요.','2025-08-01 10:35:00','VISIBLE');
/*!40000 ALTER TABLE `board_free_comments` ENABLE KEYS */;
UNLOCK TABLES;

--
-- Table structure for table `board_free_recommend`
--

DROP TABLE IF EXISTS `board_free_recommend`;
/*!40101 SET @saved_cs_client     = @@character_set_client */;
/*!50503 SET character_set_client = utf8mb4 */;
CREATE TABLE `board_free_recommend` (
  `id` int NOT NULL AUTO_INCREMENT,
  `board_id` int DEFAULT NULL,
  `username` varchar(255) DEFAULT NULL,
  `is_active` bit(1) DEFAULT b'1',
  `created_at` datetime DEFAULT CURRENT_TIMESTAMP,
  `updated_at` datetime DEFAULT CURRENT_TIMESTAMP,
  PRIMARY KEY (`id`),
  UNIQUE KEY `uq_board_user` (`board_id`,`username`),
  KEY `board_free_recommend_ibfk_1_idx` (`board_id`),
  KEY `board_free_recommend_ibfk_2_idx` (`username`),
  CONSTRAINT `board_free_recommend_ibfk_1` FOREIGN KEY (`board_id`) REFERENCES `board_free` (`id`) ON DELETE CASCADE,
  CONSTRAINT `board_free_recommend_ibfk_2` FOREIGN KEY (`username`) REFERENCES `user_auth` (`username`) ON DELETE CASCADE
) ENGINE=InnoDB AUTO_INCREMENT=361 DEFAULT CHARSET=utf8mb4 COLLATE=utf8mb4_0900_ai_ci;
/*!40101 SET character_set_client = @saved_cs_client */;

--
-- Dumping data for table `board_free_recommend`
--

LOCK TABLES `board_free_recommend` WRITE;
/*!40000 ALTER TABLE `board_free_recommend` DISABLE KEYS */;
INSERT INTO `board_free_recommend` VALUES (183,145,'ppp',_binary '','2025-08-01 12:30:00','2025-08-01 12:30:00'),(184,145,'aaa',_binary '','2025-08-01 12:30:00','2025-08-01 12:30:00'),(185,145,'bbb',_binary '','2025-08-01 12:30:00','2025-08-01 12:30:00'),(186,145,'ccc',_binary '','2025-08-01 12:30:00','2025-08-01 12:30:00'),(187,145,'ddd',_binary '','2025-08-01 12:30:00','2025-08-01 12:30:00'),(188,145,'eee',_binary '','2025-08-01 12:30:00','2025-08-01 12:30:00'),(189,145,'fff',_binary '','2025-08-01 12:30:00','2025-08-01 12:30:00'),(190,145,'ggg',_binary '','2025-08-01 12:30:00','2025-08-01 12:30:00'),(191,145,'hhh',_binary '','2025-08-01 12:30:00','2025-08-01 12:30:00'),(192,145,'iii',_binary '','2025-08-01 12:30:00','2025-08-01 12:30:00'),(193,145,'jjj',_binary '','2025-08-01 12:30:00','2025-08-01 12:30:00'),(194,145,'kkk',_binary '','2025-08-01 12:30:00','2025-08-01 12:30:00'),(195,145,'lll',_binary '','2025-08-01 12:30:00','2025-08-01 12:30:00'),(196,145,'mmm',_binary '','2025-08-01 12:30:00','2025-08-01 12:30:00'),(197,145,'nnn',_binary '','2025-08-01 12:30:00','2025-08-01 12:30:00'),(198,147,'ooo',_binary '','2025-08-01 12:31:00','2025-08-01 12:31:00'),(199,147,'ppp',_binary '','2025-08-01 12:31:00','2025-08-01 12:31:00'),(200,147,'qqq',_binary '','2025-08-01 12:31:00','2025-08-01 12:31:00'),(201,147,'rrr',_binary '','2025-08-01 12:31:00','2025-08-01 12:31:00'),(202,147,'sss',_binary '','2025-08-01 12:31:00','2025-08-01 12:31:00'),(203,147,'ttt',_binary '','2025-08-01 12:31:00','2025-08-01 12:31:00'),(204,147,'uuu',_binary '','2025-08-01 12:31:00','2025-08-01 12:31:00'),(205,147,'vvv',_binary '','2025-08-01 12:31:00','2025-08-01 12:31:00'),(206,147,'www',_binary '','2025-08-01 12:31:00','2025-08-01 12:31:00'),(207,147,'xxx',_binary '','2025-08-01 12:31:00','2025-08-01 12:31:00'),(208,147,'yyy',_binary '','2025-08-01 12:31:00','2025-08-01 12:31:00'),(209,147,'zzz',_binary '','2025-08-01 12:31:00','2025-08-01 12:31:00'),(210,150,'aaa',_binary '','2025-08-01 12:32:00','2025-08-01 12:32:00'),(211,150,'bbb',_binary '','2025-08-01 12:32:00','2025-08-01 12:32:00'),(212,150,'ccc',_binary '','2025-08-01 12:32:00','2025-08-01 12:32:00'),(213,150,'ddd',_binary '','2025-08-01 12:32:00','2025-08-01 12:32:00'),(214,150,'eee',_binary '','2025-08-01 12:32:00','2025-08-01 12:32:00'),(215,150,'fff',_binary '','2025-08-01 12:32:00','2025-08-01 12:32:00'),(216,150,'ggg',_binary '','2025-08-01 12:32:00','2025-08-01 12:32:00'),(217,150,'hhh',_binary '','2025-08-01 12:32:00','2025-08-01 12:32:00'),(218,150,'iii',_binary '','2025-08-01 12:32:00','2025-08-01 12:32:00'),(219,150,'jjj',_binary '','2025-08-01 12:32:00','2025-08-01 12:32:00'),(220,157,'kkk',_binary '','2025-08-01 12:33:00','2025-08-01 12:33:00'),(221,157,'lll',_binary '','2025-08-01 12:33:00','2025-08-01 12:33:00'),(222,157,'mmm',_binary '','2025-08-01 12:33:00','2025-08-01 12:33:00'),(223,157,'nnn',_binary '','2025-08-01 12:33:00','2025-08-01 12:33:00'),(224,157,'ooo',_binary '','2025-08-01 12:33:00','2025-08-01 12:33:00'),(225,157,'ppp',_binary '','2025-08-01 12:33:00','2025-08-01 12:33:00'),(226,157,'qqq',_binary '','2025-08-01 12:33:00','2025-08-01 12:33:00'),(227,157,'rrr',_binary '','2025-08-01 12:33:00','2025-08-01 12:33:00'),(228,157,'sss',_binary '','2025-08-01 12:33:00','2025-08-01 12:33:00'),(229,157,'ttt',_binary '','2025-08-01 12:33:00','2025-08-01 12:33:00'),(230,160,'uuu',_binary '','2025-08-01 12:34:00','2025-08-01 12:34:00'),(231,160,'vvv',_binary '','2025-08-01 12:34:00','2025-08-01 12:34:00'),(232,160,'www',_binary '','2025-08-01 12:34:00','2025-08-01 12:34:00'),(233,160,'xxx',_binary '','2025-08-01 12:34:00','2025-08-01 12:34:00'),(234,160,'yyy',_binary '','2025-08-01 12:34:00','2025-08-01 12:34:00'),(235,160,'zzz',_binary '','2025-08-01 12:34:00','2025-08-01 12:34:00'),(236,160,'aaa',_binary '','2025-08-01 12:34:00','2025-08-01 12:34:00'),(237,160,'bbb',_binary '','2025-08-01 12:34:00','2025-08-01 12:34:00'),(238,160,'ccc',_binary '','2025-08-01 12:34:00','2025-08-01 12:34:00'),(239,160,'ddd',_binary '','2025-08-01 12:34:00','2025-08-01 12:34:00'),(240,12,'eee',_binary '','2025-08-01 12:35:00','2025-08-01 12:35:00'),(241,12,'fff',_binary '','2025-08-01 12:35:00','2025-08-01 12:35:00'),(242,12,'ggg',_binary '','2025-08-01 12:35:00','2025-08-01 12:35:00'),(243,12,'hhh',_binary '','2025-08-01 12:35:00','2025-08-01 12:35:00'),(244,12,'iii',_binary '','2025-08-01 12:35:00','2025-08-01 12:35:00'),(245,50,'jjj',_binary '','2025-08-01 12:36:00','2025-08-01 12:36:00'),(246,50,'kkk',_binary '','2025-08-01 12:36:00','2025-08-01 12:36:00'),(247,50,'lll',_binary '','2025-08-01 12:36:00','2025-08-01 12:36:00'),(248,50,'mmm',_binary '','2025-08-01 12:36:00','2025-08-01 12:36:00'),(249,50,'nnn',_binary '','2025-08-01 12:36:00','2025-08-01 12:36:00'),(250,92,'ooo',_binary '','2025-08-01 12:37:00','2025-08-01 12:37:00'),(251,92,'ppp',_binary '','2025-08-01 12:37:00','2025-08-01 12:37:00'),(252,92,'qqq',_binary '','2025-08-01 12:37:00','2025-08-01 12:37:00'),(253,92,'rrr',_binary '','2025-08-01 12:37:00','2025-08-01 12:37:00'),(254,92,'sss',_binary '','2025-08-01 12:37:00','2025-08-01 12:37:00'),(255,1,'ttt',_binary '','2025-08-01 12:38:00','2025-08-01 12:38:00'),(256,1,'uuu',_binary '','2025-08-01 12:38:00','2025-08-01 12:38:00'),(257,1,'vvv',_binary '','2025-08-01 12:38:00','2025-08-01 12:38:00'),(258,3,'www',_binary '','2025-08-01 12:38:00','2025-08-01 12:38:00'),(259,5,'xxx',_binary '','2025-08-01 12:38:00','2025-08-01 12:38:00'),(260,7,'yyy',_binary '','2025-08-01 12:38:00','2025-08-01 12:38:00'),(261,8,'zzz',_binary '','2025-08-01 12:38:00','2025-08-01 12:38:00'),(262,10,'aaa',_binary '','2025-08-01 12:38:00','2025-08-01 12:38:00'),(263,14,'bbb',_binary '','2025-08-01 12:38:00','2025-08-01 12:38:00'),(264,17,'ccc',_binary '','2025-08-01 12:38:00','2025-08-01 12:38:00'),(265,19,'ddd',_binary '','2025-08-01 12:38:00','2025-08-01 12:38:00'),(266,20,'eee',_binary '','2025-08-01 12:38:00','2025-08-01 12:38:00'),(267,23,'fff',_binary '','2025-08-01 12:38:00','2025-08-01 12:38:00'),(268,25,'ggg',_binary '','2025-08-01 12:38:00','2025-08-01 12:38:00'),(269,27,'hhh',_binary '','2025-08-01 12:38:00','2025-08-01 12:38:00'),(270,29,'iii',_binary '','2025-08-01 12:38:00','2025-08-01 12:38:00'),(271,31,'jjj',_binary '','2025-08-01 12:38:00','2025-08-01 12:38:00'),(272,33,'kkk',_binary '','2025-08-01 12:38:00','2025-08-01 12:38:00'),(273,35,'lll',_binary '','2025-08-01 12:38:00','2025-08-01 12:38:00'),(274,35,'mmm',_binary '','2025-08-01 12:38:00','2025-08-01 12:38:00'),(275,35,'nnn',_binary '','2025-08-01 12:38:00','2025-08-01 12:38:00'),(276,37,'ooo',_binary '','2025-08-01 12:38:00','2025-08-01 12:38:00'),(277,39,'ppp',_binary '','2025-08-01 12:38:00','2025-08-01 12:38:00'),(278,41,'qqq',_binary '','2025-08-01 12:38:00','2025-08-01 12:38:00'),(279,43,'rrr',_binary '','2025-08-01 12:38:00','2025-08-01 12:38:00'),(280,45,'sss',_binary '','2025-08-01 12:38:00','2025-08-01 12:38:00'),(281,45,'ttt',_binary '','2025-08-01 12:38:00','2025-08-01 12:38:00'),(282,47,'uuu',_binary '','2025-08-01 12:38:00','2025-08-01 12:38:00'),(283,49,'vvv',_binary '','2025-08-01 12:38:00','2025-08-01 12:38:00'),(284,51,'www',_binary '','2025-08-01 12:38:00','2025-08-01 12:38:00'),(285,53,'xxx',_binary '','2025-08-01 12:38:00','2025-08-01 12:38:00'),(286,55,'yyy',_binary '','2025-08-01 12:38:00','2025-08-01 12:38:00'),(287,57,'zzz',_binary '','2025-08-01 12:38:00','2025-08-01 12:38:00'),(288,59,'aaa',_binary '','2025-08-01 12:38:00','2025-08-01 12:38:00'),(289,61,'bbb',_binary '','2025-08-01 12:38:00','2025-08-01 12:38:00'),(290,63,'ccc',_binary '','2025-08-01 12:38:00','2025-08-01 12:38:00'),(291,65,'ddd',_binary '','2025-08-01 12:38:00','2025-08-01 12:38:00'),(292,67,'eee',_binary '','2025-08-01 12:38:00','2025-08-01 12:38:00'),(293,67,'fff',_binary '','2025-08-01 12:38:00','2025-08-01 12:38:00'),(294,69,'ggg',_binary '','2025-08-01 12:38:00','2025-08-01 12:38:00'),(295,71,'hhh',_binary '','2025-08-01 12:38:00','2025-08-01 12:38:00'),(296,73,'iii',_binary '','2025-08-01 12:38:00','2025-08-01 12:38:00'),(297,75,'jjj',_binary '','2025-08-01 12:38:00','2025-08-01 12:38:00'),(298,78,'kkk',_binary '','2025-08-01 12:38:00','2025-08-01 12:38:00'),(299,78,'lll',_binary '','2025-08-01 12:38:00','2025-08-01 12:38:00'),(300,78,'mmm',_binary '','2025-08-01 12:38:00','2025-08-01 12:38:00'),(301,78,'nnn',_binary '','2025-08-01 12:38:00','2025-08-01 12:38:00'),(302,78,'ooo',_binary '','2025-08-01 12:38:00','2025-08-01 12:38:00'),(303,80,'ppp',_binary '','2025-08-01 12:38:00','2025-08-01 12:38:00'),(304,82,'qqq',_binary '','2025-08-01 12:38:00','2025-08-01 12:38:00'),(305,84,'rrr',_binary '','2025-08-01 12:38:00','2025-08-01 12:38:00'),(306,86,'sss',_binary '','2025-08-01 12:38:00','2025-08-01 12:38:00'),(307,88,'ttt',_binary '','2025-08-01 12:38:00','2025-08-01 12:38:00'),(308,88,'uuu',_binary '','2025-08-01 12:38:00','2025-08-01 12:38:00'),(309,88,'vvv',_binary '','2025-08-01 12:38:00','2025-08-01 12:38:00'),(310,90,'www',_binary '','2025-08-01 12:38:00','2025-08-01 12:38:00'),(311,94,'xxx',_binary '','2025-08-01 12:38:00','2025-08-01 12:38:00'),(312,96,'yyy',_binary '','2025-08-01 12:38:00','2025-08-01 12:38:00'),(313,98,'zzz',_binary '','2025-08-01 12:38:00','2025-08-01 12:38:00'),(314,99,'aaa',_binary '','2025-08-01 12:38:00','2025-08-01 12:38:00'),(315,99,'bbb',_binary '','2025-08-01 12:38:00','2025-08-01 12:38:00'),(316,99,'ccc',_binary '','2025-08-01 12:38:00','2025-08-01 12:38:00'),(317,99,'ddd',_binary '','2025-08-01 12:38:00','2025-08-01 12:38:00'),(318,99,'eee',_binary '','2025-08-01 12:38:00','2025-08-01 12:38:00'),(319,101,'fff',_binary '','2025-08-01 12:38:00','2025-08-01 12:38:00'),(320,103,'ggg',_binary '','2025-08-01 12:38:00','2025-08-01 12:38:00'),(321,105,'hhh',_binary '','2025-08-01 12:38:00','2025-08-01 12:38:00'),(322,107,'iii',_binary '','2025-08-01 12:38:00','2025-08-01 12:38:00'),(323,109,'jjj',_binary '','2025-08-01 12:38:00','2025-08-01 12:38:00'),(324,111,'kkk',_binary '','2025-08-01 12:38:00','2025-08-01 12:38:00'),(325,112,'lll',_binary '','2025-08-01 12:38:00','2025-08-01 12:38:00'),(326,112,'mmm',_binary '','2025-08-01 12:38:00','2025-08-01 12:38:00'),(327,112,'nnn',_binary '','2025-08-01 12:38:00','2025-08-01 12:38:00'),(328,113,'ooo',_binary '','2025-08-01 12:38:00','2025-08-01 12:38:00'),(329,115,'ppp',_binary '','2025-08-01 12:38:00','2025-08-01 12:38:00'),(330,117,'qqq',_binary '','2025-08-01 12:38:00','2025-08-01 12:38:00'),(331,119,'rrr',_binary '','2025-08-01 12:38:00','2025-08-01 12:38:00'),(332,121,'sss',_binary '','2025-08-01 12:38:00','2025-08-01 12:38:00'),(333,123,'ttt',_binary '','2025-08-01 12:38:00','2025-08-01 12:38:00'),(334,125,'uuu',_binary '','2025-08-01 12:38:00','2025-08-01 12:38:00'),(335,127,'vvv',_binary '','2025-08-01 12:38:00','2025-08-01 12:38:00'),(336,129,'www',_binary '','2025-08-01 12:38:00','2025-08-01 12:38:00'),(337,131,'xxx',_binary '','2025-08-01 12:38:00','2025-08-01 12:38:00'),(338,133,'yyy',_binary '','2025-08-01 12:38:00','2025-08-01 12:38:00'),(339,134,'zzz',_binary '','2025-08-01 12:38:00','2025-08-01 12:38:00'),(340,134,'aaa',_binary '','2025-08-01 12:38:00','2025-08-01 12:38:00'),(341,134,'bbb',_binary '','2025-08-01 12:38:00','2025-08-01 12:38:00'),(342,136,'ccc',_binary '','2025-08-01 12:38:00','2025-08-01 12:38:00'),(343,138,'ddd',_binary '','2025-08-01 12:38:00','2025-08-01 12:38:00'),(344,140,'eee',_binary '','2025-08-01 12:38:00','2025-08-01 12:38:00'),(345,142,'fff',_binary '','2025-08-01 12:38:00','2025-08-01 12:38:00'),(346,144,'ggg',_binary '','2025-08-01 12:38:00','2025-08-01 12:38:00'),(347,146,'hhh',_binary '','2025-08-01 12:38:00','2025-08-01 12:38:00'),(348,148,'iii',_binary '','2025-08-01 12:38:00','2025-08-01 12:38:00'),(349,149,'jjj',_binary '','2025-08-01 12:38:00','2025-08-01 12:38:00'),(350,151,'kkk',_binary '','2025-08-01 12:38:00','2025-08-01 12:38:00'),(351,152,'lll',_binary '','2025-08-01 12:38:00','2025-08-01 12:38:00'),(352,153,'mmm',_binary '','2025-08-01 12:38:00','2025-08-01 12:38:00'),(353,154,'nnn',_binary '','2025-08-01 12:38:00','2025-08-01 12:38:00'),(354,155,'ooo',_binary '','2025-08-01 12:38:00','2025-08-01 12:38:00'),(355,156,'ppp',_binary '','2025-08-01 12:38:00','2025-08-01 12:38:00'),(356,158,'qqq',_binary '','2025-08-01 12:38:00','2025-08-01 12:38:00'),(357,159,'rrr',_binary '','2025-08-01 12:38:00','2025-08-01 12:38:00'),(358,161,'sss',_binary '','2025-08-01 12:38:00','2025-08-01 12:38:00'),(359,162,'ttt',_binary '','2025-08-01 12:38:00','2025-08-01 12:38:00'),(360,163,'uuu',_binary '','2025-08-01 12:38:00','2025-08-01 12:38:00');
/*!40000 ALTER TABLE `board_free_recommend` ENABLE KEYS */;
UNLOCK TABLES;

--
-- Table structure for table `board_info`
--

DROP TABLE IF EXISTS `board_info`;
/*!40101 SET @saved_cs_client     = @@character_set_client */;
/*!50503 SET character_set_client = utf8mb4 */;
CREATE TABLE `board_info` (
  `id` int NOT NULL AUTO_INCREMENT,
  `title` varchar(255) NOT NULL,
  `body` tinytext NOT NULL,
  `imgsrc` varchar(255) DEFAULT NULL,
  `author` varchar(255) NOT NULL,
  `recommend` int DEFAULT '0',
  `views` int DEFAULT '0',
  `category` varchar(30) DEFAULT 'info',
  `created_at` datetime DEFAULT CURRENT_TIMESTAMP,
  `updated_at` datetime DEFAULT CURRENT_TIMESTAMP ON UPDATE CURRENT_TIMESTAMP,
  `status` enum('VISIBLE','DELETED','PRIVATE','BLOCKED') DEFAULT 'VISIBLE',
  PRIMARY KEY (`id`),
  KEY `board_info_ibfk_1_idx` (`author`),
  CONSTRAINT `board_info_ibfk_1` FOREIGN KEY (`author`) REFERENCES `user_auth` (`username`) ON DELETE CASCADE
) ENGINE=InnoDB AUTO_INCREMENT=121 DEFAULT CHARSET=utf8mb4 COLLATE=utf8mb4_0900_ai_ci;
/*!40101 SET character_set_client = @saved_cs_client */;

--
-- Dumping data for table `board_info`
--

LOCK TABLES `board_info` WRITE;
/*!40000 ALTER TABLE `board_info` DISABLE KEYS */;
INSERT INTO `board_info` VALUES (1,'윈도우 11 설치 방법','윈도우 11 설치를 위해서는 먼저 PC가 최소 사양을 충족해야 합니다. 공식 사이트에서 ISO 파일을 다운받아 USB에 부팅디스크를 만들어야 합니다.',NULL,'aaa',0,0,'info','2025-07-25 09:00:00','2025-07-25 09:00:00','VISIBLE'),(2,'스마트폰 배터리 오래 쓰는 팁','배터리 수명을 늘리려면 과충전을 피하고, 완전 방전을 하지 않는 것이 좋습니다. 적절한 충전 주기를 유지하세요.',NULL,'bbb',0,0,'info','2025-07-25 09:10:00','2025-07-25 09:10:00','VISIBLE'),(3,'리눅스 기본 명령어 정리','ls, cd, mkdir, rm 등 기본 리눅스 명령어와 사용법을 정리했습니다. 초보자도 쉽게 이해할 수 있어요.',NULL,'ccc',0,0,'info','2025-07-25 09:20:00','2025-07-25 09:20:00','VISIBLE'),(4,'효과적인 공부법 소개','뇌 과학에 기반한 효과적인 공부법과 시간 관리 방법에 대해 설명합니다. 집중력을 높이는 환경 만들기도 중요합니다.',NULL,'ddd',0,0,'info','2025-07-25 09:30:00','2025-07-25 09:30:00','VISIBLE'),(5,'유튜브 채널 키우는 방법','유튜브 알고리즘 이해와 키워드 선정, 영상 편집 팁 등 구독자 늘리기 전략을 소개합니다.',NULL,'eee',0,0,'info','2025-07-25 09:40:00','2025-07-25 09:40:00','VISIBLE'),(6,'무료 클라우드 서비스 비교','구글 드라이브, 원드라이브, 드롭박스 등 인기 무료 클라우드 서비스의 장단점을 비교했습니다.',NULL,'fff',0,0,'info','2025-07-25 09:50:00','2025-07-25 09:50:00','VISIBLE'),(7,'홈 네트워크 구축 팁','가정 내 안정적인 인터넷 사용을 위한 네트워크 구성법과 공유기 설정 방법을 알려드립니다.',NULL,'ggg',0,0,'info','2025-07-25 10:00:00','2025-07-25 10:00:00','VISIBLE'),(8,'효과적인 운동 루틴','시간이 부족해도 할 수 있는 짧고 강도 높은 운동 루틴을 추천합니다.',NULL,'hhh',0,0,'info','2025-07-25 10:10:00','2025-07-25 10:10:00','VISIBLE'),(9,'온라인 강의 추천 사이트','무료 및 유료 온라인 강의 사이트를 비교하며 각 사이트별 강점을 소개합니다.',NULL,'iii',0,0,'info','2025-07-25 10:20:00','2025-07-25 10:20:00','VISIBLE'),(10,'효율적인 시간 관리법','To-do 리스트 활용과 포모도로 기법 등 시간 관리를 잘하는 팁을 공유합니다.',NULL,'jjj',0,0,'info','2025-07-25 10:30:00','2025-07-25 10:30:00','VISIBLE'),(11,'웹 개발 입문 가이드','HTML, CSS, 자바스크립트 기초부터 프레임워크까지 단계별 학습 로드맵을 제공합니다.',NULL,'kkk',0,0,'info','2025-07-25 10:40:00','2025-07-25 10:40:00','VISIBLE'),(12,'사진 촬영 기본기','좋은 사진을 찍기 위한 조명, 구도, 카메라 설정 기본 팁을 정리했습니다.',NULL,'lll',0,0,'info','2025-07-25 10:50:00','2025-07-25 10:50:00','VISIBLE'),(13,'효과적인 영어 공부법','영어 회화, 독해, 듣기 실력을 동시에 향상시키는 방법을 알려드립니다.',NULL,'mmm',0,0,'info','2025-07-25 11:00:00','2025-07-25 11:00:00','VISIBLE'),(14,'친환경 생활 실천법','일상에서 쉽게 실천할 수 있는 친환경 생활 팁과 제품을 소개합니다.',NULL,'nnn',0,0,'info','2025-07-25 11:10:00','2025-07-25 11:10:00','VISIBLE'),(15,'비건 식단 장점과 단점','비건 식단의 건강상 이점과 주의해야 할 점들을 정리했습니다.',NULL,'ooo',0,0,'info','2025-07-25 11:20:00','2025-07-25 11:20:00','VISIBLE'),(16,'클라우드 컴퓨팅 이해하기','클라우드 컴퓨팅의 개념과 AWS, Azure, GCP 등 주요 서비스 소개.',NULL,'ppp',0,0,'info','2025-07-26 09:00:00','2025-07-26 09:00:00','VISIBLE'),(17,'유튜브 영상 편집 추천 프로그램','초보자도 쉽게 사용할 수 있는 무료 영상 편집 프로그램 리스트.',NULL,'qqq',0,0,'info','2025-07-26 09:10:00','2025-07-26 09:10:00','VISIBLE'),(18,'효과적인 다이어트 방법','과학적으로 입증된 건강한 다이어트 방법과 식단 조절 팁.',NULL,'rrr',0,0,'info','2025-07-26 09:20:00','2025-07-26 09:20:00','VISIBLE'),(19,'홈 오토메이션 기초','스마트홈 구축을 위한 기초 지식과 필요한 장비 소개.',NULL,'sss',0,0,'info','2025-07-26 09:30:00','2025-07-26 09:30:00','VISIBLE'),(20,'온라인 마케팅 전략','SNS와 검색광고를 활용한 효과적인 마케팅 전략.',NULL,'ttt',0,0,'info','2025-07-26 09:40:00','2025-07-26 09:40:00','VISIBLE'),(21,'신제품 IT 기기 리뷰','최근 출시된 스마트폰과 태블릿 주요 기능 리뷰.',NULL,'uuu',0,0,'info','2025-07-26 09:50:00','2025-07-26 09:50:00','VISIBLE'),(22,'재테크 기초 가이드','초보자를 위한 재테크 기본 개념과 시작하는 방법.',NULL,'vvv',0,0,'info','2025-07-26 10:00:00','2025-07-26 10:00:00','VISIBLE'),(23,'효과적인 명상법','마음의 평화를 위한 간단한 명상법과 효과.',NULL,'www',0,0,'info','2025-07-26 10:10:00','2025-07-26 10:10:00','VISIBLE'),(24,'웹 보안 기초','사이트 보안을 위한 기본적인 HTTPS와 인증서 설명.',NULL,'xxx',0,0,'info','2025-07-26 10:20:00','2025-07-26 10:20:00','VISIBLE'),(25,'데이터 분석 입문','파이썬과 R을 이용한 데이터 분석 기초 강좌 소개.',NULL,'yyy',0,0,'info','2025-07-26 10:30:00','2025-07-26 10:30:00','VISIBLE'),(26,'전자책 만들기','초보자도 쉽게 전자책을 만들고 배포하는 방법.',NULL,'zzz',0,0,'info','2025-07-26 10:40:00','2025-07-26 10:40:00','VISIBLE'),(27,'효율적인 회의 방법','회의 시간을 줄이고 효과적으로 진행하는 팁.',NULL,'aaa',0,0,'info','2025-07-26 10:50:00','2025-07-26 10:50:00','VISIBLE'),(28,'자기계발 도서 추천','성장에 도움되는 자기계발 도서 리스트.',NULL,'bbb',0,0,'info','2025-07-26 11:00:00','2025-07-26 11:00:00','VISIBLE'),(29,'스마트폰 사진 잘 찍는 법','좋은 사진을 위한 구도와 설정 팁.',NULL,'ccc',0,0,'info','2025-07-26 11:10:00','2025-07-26 11:10:00','VISIBLE'),(30,'비트코인 기초 이해','비트코인과 블록체인의 기본 원리 설명.',NULL,'ddd',0,0,'info','2025-07-26 11:20:00','2025-07-26 11:20:00','VISIBLE'),(31,'모바일 앱 개발 입문','안드로이드와 iOS 앱 개발 시작을 위한 기본 환경 세팅 방법.',NULL,'eee',0,0,'info','2025-07-27 09:00:00','2025-07-27 09:00:00','VISIBLE'),(32,'AI 기초 개념','인공지능의 기본 개념과 머신러닝, 딥러닝 차이점 소개.',NULL,'fff',0,0,'info','2025-07-27 09:10:00','2025-07-27 09:10:00','VISIBLE'),(33,'클라우드 스토리지 비교','AWS S3, 구글 클라우드 스토리지, Azure Blob Storage 장단점.',NULL,'ggg',0,0,'info','2025-07-27 09:20:00','2025-07-27 09:20:00','VISIBLE'),(34,'스마트 워치 활용법','스마트 워치를 효과적으로 사용하는 팁과 추천 앱.',NULL,'hhh',0,0,'info','2025-07-27 09:30:00','2025-07-27 09:30:00','VISIBLE'),(35,'코딩 공부 계획 짜기','효과적인 코딩 공부 계획과 루틴 만드는 법.',NULL,'iii',0,0,'info','2025-07-27 09:40:00','2025-07-27 09:40:00','VISIBLE'),(36,'리모트 워크 가이드','원격 근무 환경 구축과 생산성 향상 팁.',NULL,'jjj',0,0,'info','2025-07-27 09:50:00','2025-07-27 09:50:00','VISIBLE'),(37,'인터넷 속도 빠르게 하는 법','와이파이 설정과 인터넷 최적화 팁 공유.',NULL,'kkk',0,0,'info','2025-07-27 10:00:00','2025-07-27 10:00:00','VISIBLE'),(38,'효과적인 발표 준비','청중을 사로잡는 발표 준비 및 스피치 팁.',NULL,'lll',0,0,'info','2025-07-27 10:10:00','2025-07-27 10:10:00','VISIBLE'),(39,'빅데이터 이해하기','빅데이터의 개념과 활용 사례 소개.',NULL,'mmm',0,0,'info','2025-07-27 10:20:00','2025-07-27 10:20:00','VISIBLE'),(40,'생활 속 보안 팁','개인정보 보호와 안전한 비밀번호 관리 방법.',NULL,'nnn',0,0,'info','2025-07-27 10:30:00','2025-07-27 10:30:00','VISIBLE'),(41,'클라우드 비용 절감법','효율적으로 클라우드 비용을 관리하는 전략.',NULL,'ooo',0,0,'info','2025-07-27 10:40:00','2025-07-27 10:40:00','VISIBLE'),(42,'프로그래밍 언어 비교','파이썬, 자바, 자바스크립트 특징과 사용 용도.',NULL,'ppp',0,0,'info','2025-07-27 10:50:00','2025-07-27 10:50:00','VISIBLE'),(43,'건강한 식습관','균형 잡힌 식단과 규칙적인 식사 시간의 중요성.',NULL,'qqq',0,0,'info','2025-07-27 11:00:00','2025-07-27 11:00:00','VISIBLE'),(44,'스마트폰 앱 추천','생산성 향상에 도움이 되는 추천 앱 리스트.',NULL,'rrr',0,0,'info','2025-07-27 11:10:00','2025-07-27 11:10:00','VISIBLE'),(45,'효과적인 공부 환경 만들기','집중력을 높이는 공부 환경 조성 팁.',NULL,'sss',0,0,'info','2025-07-27 11:20:00','2025-07-27 11:20:00','VISIBLE'),(46,'블록체인 기술 개요','블록체인의 기본 원리와 주요 활용 분야 설명.',NULL,'ttt',0,0,'info','2025-07-28 09:00:00','2025-07-28 09:00:00','VISIBLE'),(47,'재택근무 생산성 향상법','집에서 일할 때 집중력을 높이는 팁과 도구 소개.',NULL,'uuu',0,0,'info','2025-07-28 09:10:00','2025-07-28 09:10:00','VISIBLE'),(48,'온라인 교육 플랫폼 추천','코세라, 에덱스, 유다시티 등 주요 온라인 교육 사이트 소개.',NULL,'vvv',0,0,'info','2025-07-28 09:20:00','2025-07-28 09:20:00','VISIBLE'),(49,'프로그래밍 입문서 추천','초보자를 위한 좋은 프로그래밍 책 리스트.',NULL,'www',0,0,'info','2025-07-28 09:30:00','2025-07-28 09:30:00','VISIBLE'),(50,'효과적인 회의록 작성법','회의 내용을 체계적으로 기록하는 방법과 예시.',NULL,'xxx',0,0,'info','2025-07-28 09:40:00','2025-07-28 09:40:00','VISIBLE'),(51,'스마트폰 데이터 관리','중요 데이터 백업과 정리 팁.',NULL,'yyy',0,0,'info','2025-07-28 09:50:00','2025-07-28 09:50:00','VISIBLE'),(52,'웹사이트 SEO 기초','검색엔진 최적화 기본 원리와 방법 소개.',NULL,'zzz',0,0,'info','2025-07-28 10:00:00','2025-07-28 10:00:00','VISIBLE'),(53,'디지털 노마드 생활','장소에 구애받지 않는 디지털 노마드 라이프스타일 소개.',NULL,'aaa',0,0,'info','2025-07-28 10:10:00','2025-07-28 10:10:00','VISIBLE'),(54,'생산성 앱 추천','업무 효율을 높이는 생산성 앱 리스트.',NULL,'bbb',0,0,'info','2025-07-28 10:20:00','2025-07-28 10:20:00','VISIBLE'),(55,'코딩 부트캠프 후기','효과적인 부트캠프 참여 방법과 후기 공유.',NULL,'ccc',0,0,'info','2025-07-28 10:30:00','2025-07-28 10:30:00','VISIBLE'),(56,'오픈소스 프로젝트 참여하기','오픈소스 프로젝트에 기여하는 방법과 팁.',NULL,'ddd',0,0,'info','2025-07-28 10:40:00','2025-07-28 10:40:00','VISIBLE'),(57,'효과적인 프리랜서 일 관리','프리랜서가 프로젝트를 체계적으로 관리하는 방법.',NULL,'eee',0,0,'info','2025-07-28 10:50:00','2025-07-28 10:50:00','VISIBLE'),(58,'클라우드 보안 팁','안전한 클라우드 사용을 위한 기본 보안 수칙.',NULL,'fff',0,0,'info','2025-07-28 11:00:00','2025-07-28 11:00:00','VISIBLE'),(59,'AI 챗봇 활용 사례','비즈니스에 도움 되는 AI 챗봇 사례 소개.',NULL,'ggg',0,0,'info','2025-07-28 11:10:00','2025-07-28 11:10:00','VISIBLE'),(60,'효과적인 이메일 작성법','상대방의 관심을 끌 수 있는 이메일 작성 팁.',NULL,'hhh',0,0,'info','2025-07-28 11:20:00','2025-07-28 11:20:00','VISIBLE'),(61,'블록체인과 암호화폐의 미래','블록체인 기술이 어떻게 암호화폐뿐만 아니라 다양한 산업에서 혁신을 이끌고 있는지 살펴봅니다. 앞으로의 전망도 함께 알아봅니다.',NULL,'iii',0,0,'info','2025-07-29 09:00:00','2025-07-29 09:00:00','VISIBLE'),(62,'모바일 보안 강화하기','스마트폰 해킹과 개인정보 유출을 막기 위한 보안 설정과 앱 관리 방법을 자세히 설명합니다.',NULL,'jjj',0,0,'info','2025-07-29 09:10:00','2025-07-29 09:10:00','VISIBLE'),(63,'클라우드 서비스 비교 분석','AWS, Azure, Google Cloud의 장단점과 비용 효율적인 사용법에 대해 비교 분석했습니다.',NULL,'kkk',0,0,'info','2025-07-29 09:20:00','2025-07-29 09:20:00','VISIBLE'),(64,'효과적인 프로젝트 관리','애자일과 워터폴 방법론 등 다양한 프로젝트 관리 기법을 소개하고, 적용 사례를 설명합니다.',NULL,'lll',0,0,'info','2025-07-29 09:30:00','2025-07-29 09:30:00','VISIBLE'),(65,'IT 자격증 취득 팁','컴퓨터 관련 주요 자격증 종류와 공부 방법, 시험 준비 팁을 공유합니다.',NULL,'mmm',0,0,'info','2025-07-29 09:40:00','2025-07-29 09:40:00','VISIBLE'),(66,'효과적인 코드 리뷰 방법','팀 내 코드 품질 향상을 위한 효율적인 코드 리뷰 프로세스를 설명합니다.',NULL,'nnn',0,0,'info','2025-07-29 09:50:00','2025-07-29 09:50:00','VISIBLE'),(67,'스마트홈 자동화 사례','가정에서 적용 가능한 다양한 스마트홈 자동화 사례와 활용 팁.',NULL,'ooo',0,0,'info','2025-07-29 10:00:00','2025-07-29 10:00:00','VISIBLE'),(68,'효과적인 회의 진행법','회의 시간을 줄이고 참여도를 높이는 다양한 방법을 소개합니다.',NULL,'ppp',0,0,'info','2025-07-29 10:10:00','2025-07-29 10:10:00','VISIBLE'),(69,'빅데이터 분석 도구 소개','주요 빅데이터 분석 도구와 활용 사례를 알아봅니다.',NULL,'qqq',0,0,'info','2025-07-29 10:20:00','2025-07-29 10:20:00','VISIBLE'),(70,'코딩 테스트 준비법','효과적인 알고리즘 문제 풀이 방법과 자주 출제되는 유형 정리.',NULL,'rrr',0,0,'info','2025-07-29 10:30:00','2025-07-29 10:30:00','VISIBLE'),(71,'데이터 시각화 기본','데이터를 쉽게 이해할 수 있도록 시각화하는 다양한 기법 소개.',NULL,'sss',0,0,'info','2025-07-29 10:40:00','2025-07-29 10:40:00','VISIBLE'),(72,'오픈소스 라이선스 종류','주요 오픈소스 라이선스 종류와 사용 시 주의사항.',NULL,'ttt',0,0,'info','2025-07-29 10:50:00','2025-07-29 10:50:00','VISIBLE'),(73,'효과적인 문제 해결 방법','복잡한 문제를 단계별로 해결하는 실용적인 방법론.',NULL,'uuu',0,0,'info','2025-07-29 11:00:00','2025-07-29 11:00:00','VISIBLE'),(74,'웹 접근성 이해하기','장애인도 쉽게 이용할 수 있는 웹사이트 만드는 법.',NULL,'vvv',0,0,'info','2025-07-29 11:10:00','2025-07-29 11:10:00','VISIBLE'),(75,'프로그래밍 언어 트렌드','최근 인기 있는 프로그래밍 언어와 미래 전망 분석.',NULL,'www',0,0,'info','2025-07-29 11:20:00','2025-07-29 11:20:00','VISIBLE'),(76,'클라우드 비용 절감 팁','불필요한 리소스 제거와 자동화 스크립트 활용으로 비용을 줄이는 방법.',NULL,'xxx',0,0,'info','2025-07-30 09:00:00','2025-07-30 09:00:00','VISIBLE'),(77,'AI 기초 학습 자료','인공지능을 처음 시작하는 사람들을 위한 무료 학습 자료 소개.',NULL,'yyy',0,0,'info','2025-07-30 09:10:00','2025-07-30 09:10:00','VISIBLE'),(78,'온라인 협업 도구 추천','팀워크를 향상시키는 다양한 온라인 협업 도구를 비교합니다.',NULL,'zzz',0,0,'info','2025-07-30 09:20:00','2025-07-30 09:20:00','VISIBLE'),(79,'효과적인 버그 추적법','버그를 빠르게 발견하고 관리하는 다양한 방법 소개.',NULL,'aaa',0,0,'info','2025-07-30 09:30:00','2025-07-30 09:30:00','VISIBLE'),(80,'모바일 UX 디자인 기본','사용자 친화적인 모바일 앱 디자인 원칙과 사례.',NULL,'bbb',0,0,'info','2025-07-30 09:40:00','2025-07-30 09:40:00','VISIBLE'),(81,'프로그래밍 언어 비교','파이썬, 자바, C++ 등 인기 언어의 특징과 활용 분야.',NULL,'ccc',0,0,'info','2025-07-30 09:50:00','2025-07-30 09:50:00','VISIBLE'),(82,'스타트업 성공 사례','성공한 스타트업들의 공통점과 성장 전략 분석.',NULL,'ddd',0,0,'info','2025-07-30 10:00:00','2025-07-30 10:00:00','VISIBLE'),(83,'효과적인 SEO 전략','검색엔진 최적화를 위한 최신 트렌드와 실전 팁.',NULL,'eee',0,0,'info','2025-07-30 10:10:00','2025-07-30 10:10:00','VISIBLE'),(84,'가상현실(VR) 기술 동향','VR 기술의 발전과 미래 가능성에 대해 설명합니다.',NULL,'fff',0,0,'info','2025-07-30 10:20:00','2025-07-30 10:20:00','VISIBLE'),(85,'웹 프론트엔드 프레임워크','React, Vue, Angular 특징과 장단점 비교.',NULL,'ggg',0,0,'info','2025-07-30 10:30:00','2025-07-30 10:30:00','VISIBLE'),(86,'효과적인 커뮤니케이션 스킬','팀 내 소통을 원활하게 하는 방법과 사례.',NULL,'hhh',0,0,'info','2025-07-30 10:40:00','2025-07-30 10:40:00','VISIBLE'),(87,'클라우드 보안 필수 지식','안전한 클라우드 운영을 위한 핵심 보안 요소.',NULL,'iii',0,0,'info','2025-07-30 10:50:00','2025-07-30 10:50:00','VISIBLE'),(88,'프로그래밍 공부 계획','효율적인 공부 계획 세우기와 시간 관리 팁.',NULL,'jjj',0,0,'info','2025-07-30 11:00:00','2025-07-30 11:00:00','VISIBLE'),(89,'인터넷 속도 올리는 법','라우터 설정과 인터넷 서비스 최적화 방법.',NULL,'kkk',0,0,'info','2025-07-30 11:10:00','2025-07-30 11:10:00','VISIBLE'),(90,'프리랜서 일 관리','프로젝트와 일정 관리를 위한 툴과 팁.',NULL,'lll',0,0,'info','2025-07-30 11:20:00','2025-07-30 11:20:00','VISIBLE'),(91,'프로그래밍 언어별 장단점','각 프로그래밍 언어의 특징과 장단점, 그리고 용도에 대해 상세히 설명합니다.',NULL,'mmm',0,0,'info','2025-07-31 09:00:00','2025-07-31 09:00:00','VISIBLE'),(92,'온라인 코스 추천','효율적인 자기계발을 위한 다양한 온라인 강의 플랫폼과 추천 강의를 소개합니다.',NULL,'nnn',0,0,'info','2025-07-31 09:10:00','2025-07-31 09:10:00','VISIBLE'),(93,'클라우드 자동화 도구','인프라 자동화를 위한 주요 도구와 사용법을 소개합니다.',NULL,'ooo',0,0,'info','2025-07-31 09:20:00','2025-07-31 09:20:00','VISIBLE'),(94,'AI 윤리와 사회적 영향','인공지능 기술 발전에 따른 윤리적 문제와 사회적 영향을 고찰합니다.',NULL,'ppp',0,0,'info','2025-07-31 09:30:00','2025-07-31 09:30:00','VISIBLE'),(95,'효과적인 버전 관리','Git과 같은 버전 관리 시스템의 기본 개념과 활용법.',NULL,'qqq',0,0,'info','2025-07-31 09:40:00','2025-07-31 09:40:00','VISIBLE'),(96,'디지털 마케팅 최신 동향','디지털 마케팅 분야의 최신 트렌드와 성공 사례를 소개합니다.',NULL,'rrr',0,0,'info','2025-07-31 09:50:00','2025-07-31 09:50:00','VISIBLE'),(97,'코딩 인터뷰 준비','효과적인 코딩 인터뷰 준비 방법과 자주 묻는 문제 유형.',NULL,'sss',0,0,'info','2025-07-31 10:00:00','2025-07-31 10:00:00','VISIBLE'),(98,'효율적인 문서 작성법','프로젝트 문서와 보고서 작성 팁과 예시.',NULL,'ttt',0,0,'info','2025-07-31 10:10:00','2025-07-31 10:10:00','VISIBLE'),(99,'프로그래밍 공부 루틴','지속 가능한 공부 루틴을 만드는 방법과 동기 부여.',NULL,'uuu',0,0,'info','2025-07-31 10:20:00','2025-07-31 10:20:00','VISIBLE'),(100,'웹 개발 트렌드','2025년 최신 웹 개발 기술과 트렌드 소개.',NULL,'vvv',0,0,'info','2025-07-31 10:30:00','2025-07-31 10:30:00','VISIBLE'),(101,'사이버 보안 위협 대응','최근 증가하는 사이버 공격 유형과 대응 전략.',NULL,'www',0,0,'info','2025-07-31 10:40:00','2025-07-31 10:40:00','VISIBLE'),(102,'클라우드 네이티브 개발','클라우드 환경에 최적화된 개발 방법과 도구.',NULL,'xxx',0,0,'info','2025-07-31 10:50:00','2025-07-31 10:50:00','VISIBLE'),(103,'인공지능 활용 사례','다양한 산업 분야에서 AI가 어떻게 활용되고 있는지 사례별로 소개합니다.',NULL,'yyy',0,0,'info','2025-07-31 11:00:00','2025-07-31 11:00:00','VISIBLE'),(104,'프로그래밍 실습 사이트','무료로 코딩 연습을 할 수 있는 유용한 웹사이트 추천.',NULL,'zzz',0,0,'info','2025-07-31 11:10:00','2025-07-31 11:10:00','VISIBLE'),(105,'효과적인 팀워크','성공적인 프로젝트를 위한 팀워크 강화 방법.',NULL,'aaa',0,0,'info','2025-07-31 11:20:00','2025-07-31 11:20:00','VISIBLE'),(106,'소프트웨어 개발 프로세스','소프트웨어 개발 생명주기와 주요 프로세스 단계 소개.',NULL,'bbb',0,0,'info','2025-08-01 09:00:00','2025-08-01 09:00:00','VISIBLE'),(107,'효과적인 문제 해결 전략','복잡한 문제를 체계적으로 분석하고 해결하는 방법.',NULL,'ccc',0,0,'info','2025-08-01 09:10:00','2025-08-01 09:10:00','VISIBLE'),(108,'데이터베이스 기초','관계형 데이터베이스의 기본 개념과 SQL 기초.',NULL,'ddd',0,0,'info','2025-08-01 09:20:00','2025-08-01 09:20:00','VISIBLE'),(109,'효과적인 협업 툴','원격 근무 시대에 유용한 협업 도구와 활용 팁.',NULL,'eee',0,0,'info','2025-08-01 09:30:00','2025-08-01 09:30:00','VISIBLE'),(110,'웹 디자인 원칙','사용자 경험을 고려한 웹 디자인 기본 원칙.',NULL,'fff',0,0,'info','2025-08-01 09:40:00','2025-08-01 09:40:00','VISIBLE'),(111,'모바일 앱 트렌드','2025년 주목할 만한 모바일 앱 개발 트렌드.',NULL,'ggg',0,0,'info','2025-08-01 09:50:00','2025-08-01 09:50:00','VISIBLE'),(112,'효과적인 코드 관리','Git 활용과 브랜치 전략, 코드 리뷰 문화.',NULL,'hhh',0,0,'info','2025-08-01 10:00:00','2025-08-01 10:00:00','VISIBLE'),(113,'클라우드 인프라 구축','AWS와 Azure를 이용한 클라우드 인프라 구축 사례.',NULL,'iii',0,0,'info','2025-08-01 10:10:00','2025-08-01 10:10:00','VISIBLE'),(114,'데이터 과학 입문','데이터 과학의 기본 개념과 주요 도구 소개.',NULL,'jjj',0,0,'info','2025-08-01 10:20:00','2025-08-01 10:20:00','VISIBLE'),(115,'AI 모델 개발 과정','머신러닝 모델 개발 단계와 주요 이슈.',NULL,'kkk',0,0,'info','2025-08-01 10:30:00','2025-08-01 10:30:00','VISIBLE'),(116,'효과적인 디버깅 기법','버그를 빠르게 찾고 해결하는 디버깅 팁.',NULL,'lll',0,0,'info','2025-08-01 10:40:00','2025-08-01 10:40:00','VISIBLE'),(117,'프로그래밍 학습 자료','초보자를 위한 다양한 프로그래밍 학습 자료와 사이트.',NULL,'mmm',0,0,'info','2025-08-01 10:50:00','2025-08-01 10:50:00','VISIBLE'),(118,'효과적인 문서화 방법','코드와 프로젝트 문서화를 위한 실용적인 팁.',NULL,'nnn',0,0,'info','2025-08-01 11:00:00','2025-08-01 11:00:00','VISIBLE'),(119,'프로젝트 관리 툴 비교','Jira, Trello, Asana 등 주요 프로젝트 관리 툴 특징.',NULL,'ooo',0,0,'info','2025-08-01 11:10:00','2025-08-01 11:10:00','VISIBLE'),(120,'성공적인 스타트업 전략','스타트업이 성공하기 위한 핵심 전략과 사례 분석.',NULL,'ppp',0,0,'info','2025-08-01 11:20:00','2025-08-01 11:20:00','VISIBLE');
/*!40000 ALTER TABLE `board_info` ENABLE KEYS */;
UNLOCK TABLES;

--
-- Table structure for table `board_info_comments`
--

DROP TABLE IF EXISTS `board_info_comments`;
/*!40101 SET @saved_cs_client     = @@character_set_client */;
/*!50503 SET character_set_client = utf8mb4 */;
CREATE TABLE `board_info_comments` (
  `id` int NOT NULL AUTO_INCREMENT,
  `board_id` int NOT NULL,
  `parent_id` int DEFAULT NULL,
  `author` varchar(255) NOT NULL,
  `content` tinytext NOT NULL,
  `created_at` datetime DEFAULT CURRENT_TIMESTAMP,
  `status` enum('VISIBLE','DELETED','PRIVATE','BLOCKED') DEFAULT 'VISIBLE',
  PRIMARY KEY (`id`),
  KEY `board_info_comments_ibfk_1_idx` (`board_id`),
  KEY `board_info_comments_ibfk_2_idx` (`author`),
  CONSTRAINT `board_info_comments_ibfk_1` FOREIGN KEY (`board_id`) REFERENCES `board_info` (`id`) ON DELETE CASCADE,
  CONSTRAINT `board_info_comments_ibfk_2` FOREIGN KEY (`author`) REFERENCES `user_auth` (`username`) ON DELETE CASCADE
) ENGINE=InnoDB AUTO_INCREMENT=157 DEFAULT CHARSET=utf8mb4 COLLATE=utf8mb4_0900_ai_ci;
/*!40101 SET character_set_client = @saved_cs_client */;

--
-- Dumping data for table `board_info_comments`
--

LOCK TABLES `board_info_comments` WRITE;
/*!40000 ALTER TABLE `board_info_comments` DISABLE KEYS */;
INSERT INTO `board_info_comments` VALUES (2,1,NULL,'bbb','설명 덕분에 쉽게 설치했어요! 정말 감사합니다.','2025-07-25 09:15:00','VISIBLE'),(3,1,NULL,'ccc','정말 유용한 정보네요! 혹시 USB 부팅 디스크 만드는 팁도 있나요?','2025-07-25 09:20:00','VISIBLE'),(4,1,NULL,'ddd','윈도우 공식 사이트에 자세한 가이드가 있어요!','2025-07-25 09:25:00','VISIBLE'),(5,1,NULL,'eee','진작 이 글을 볼걸 그랬네요. 고생했었는데...','2025-07-25 09:30:00','VISIBLE'),(6,1,NULL,'fff','덕분에 PC 업그레이드 잘 했습니다!','2025-07-25 09:35:00','VISIBLE'),(7,1,NULL,'ggg','초보자도 따라하기 쉽게 잘 정리해주셨네요.','2025-07-25 09:40:00','VISIBLE'),(8,2,NULL,'hhh','좋은 팁 감사합니다. 배터리 관리에 신경 써야겠어요.','2025-07-25 09:25:00','VISIBLE'),(9,2,NULL,'iii','완전 방전이 안 좋은 줄 몰랐네요. 유용합니다.','2025-07-25 09:30:00','VISIBLE'),(10,3,NULL,'jjj','리눅스 초보인데 덕분에 큰 도움 얻었습니다!','2025-07-25 09:30:00','VISIBLE'),(11,3,NULL,'kkk','ls -al이 제일 많이 쓰이는 것 같아요. 좋은 정리 감사합니다.','2025-07-25 09:35:00','VISIBLE'),(12,3,NULL,'lll','리눅스 입문자에게 정말 필수적인 자료네요.','2025-07-25 09:40:00','VISIBLE'),(13,3,NULL,'mmm','맞아요. 자주 헷갈리는 cd .. 같은 것도 잘 정리되어 있네요.','2025-07-25 09:45:00','VISIBLE'),(14,3,NULL,'nnn','이런 글 너무 좋아요. 감사합니다!','2025-07-25 09:50:00','VISIBLE'),(15,4,NULL,'ooo','집중력 높이는 환경 만들기 팁도 궁금합니다!','2025-07-25 09:45:00','VISIBLE'),(16,4,NULL,'ppp','뇌 과학 기반이라니 신뢰가 가네요.','2025-07-25 09:50:00','VISIBLE'),(17,5,NULL,'qqq','유튜브 시작하려는데 좋은 정보 감사합니다!','2025-07-25 09:55:00','VISIBLE'),(18,5,NULL,'rrr','키워드 선정이 정말 중요한 것 같아요.','2025-07-25 10:00:00','VISIBLE'),(19,6,NULL,'sss','구드, 원드, 드롭박스 다 쓰는데 깔끔하게 정리해주셨네요.','2025-07-25 10:05:00','VISIBLE'),(20,6,NULL,'ttt','용량 때문에 고민이었는데 참고하겠습니다.','2025-07-25 10:10:00','VISIBLE'),(21,7,NULL,'uuu','공유기 설정이 생각보다 어렵더라고요. 유용한 팁 감사합니다.','2025-07-25 10:15:00','VISIBLE'),(22,7,NULL,'vvv','와이파이 끊김 현상 때문에 고민이었는데 참고할게요!','2025-07-25 10:20:00','VISIBLE'),(23,8,NULL,'www','짧고 강도 높은 루틴이라니 직장인에게 딱이네요.','2025-07-25 10:25:00','VISIBLE'),(24,9,NULL,'xxx','무료 강의 사이트 정보도 많이 올려주세요!','2025-07-25 10:30:00','VISIBLE'),(25,10,NULL,'yyy','포모도로 기법 저도 사용하는데 정말 효과적이에요.','2025-07-25 10:40:00','VISIBLE'),(26,11,NULL,'zzz','개발 공부 시작하는데 로드맵이 막막했어요. 감사합니다!','2025-07-25 10:50:00','VISIBLE'),(27,11,NULL,'aaa','백엔드도 궁금한데 백엔드 로드맵도 있을까요?','2025-07-25 10:55:00','VISIBLE'),(28,11,NULL,'bbb','이 글 덕분에 용기를 얻고 시작합니다!','2025-07-25 11:00:00','VISIBLE'),(29,11,NULL,'ccc','정말 깔끔하게 잘 정리되어 있네요. 스크랩해갑니다.','2025-07-25 11:05:00','VISIBLE'),(30,11,NULL,'ddd','개발 입문자에게 정말 필요한 글입니다. 감사합니다!','2025-07-25 11:10:00','VISIBLE'),(31,12,NULL,'eee','사진 잘 찍는 법 배우고 싶었는데 유용해요.','2025-07-25 11:00:00','VISIBLE'),(32,13,NULL,'fff','영어 공부 의지가 불타오르네요! 좋은 글 감사합니다.','2025-07-25 11:10:00','VISIBLE'),(33,14,NULL,'ggg','일상에서 실천할 수 있는 팁이라 좋네요.','2025-07-25 11:20:00','VISIBLE'),(34,15,NULL,'hhh','비건 식단 고민 중이었는데 도움이 많이 됐습니다.','2025-07-25 11:30:00','VISIBLE'),(35,16,NULL,'iii','클라우드 개념이 어려웠는데 쉽게 설명해주셔서 감사합니다.','2025-07-26 09:15:00','VISIBLE'),(36,16,NULL,'jjj','AWS, Azure, GCP 비교글도 기대할게요!','2025-07-26 09:20:00','VISIBLE'),(37,16,NULL,'kkk','클라우드 서비스가 정말 다양하네요. 고민 중이었는데 감사합니다.','2025-07-26 09:25:00','VISIBLE'),(38,16,NULL,'lll','정말 좋은 정보네요. 스크랩해갑니다.','2025-07-26 09:30:00','VISIBLE'),(39,16,NULL,'mmm','클라우드 공부 시작하는데 방향을 잡는 데 도움이 되었어요.','2025-07-26 09:35:00','VISIBLE'),(40,17,NULL,'nnn','무료 프로그램 리스트라니 너무 좋네요!','2025-07-26 09:25:00','VISIBLE'),(41,18,NULL,'ooo','다이어트 의지가 불타오르네요! 좋은 글 감사합니다.','2025-07-26 09:35:00','VISIBLE'),(42,18,NULL,'ppp','식단 조절 팁이 특히 유용했습니다.','2025-07-26 09:40:00','VISIBLE'),(43,18,NULL,'qqq','운동과 식단 모두 중요하죠. 좋은 정보 감사합니다.','2025-07-26 09:45:00','VISIBLE'),(44,18,NULL,'rrr','과학적으로 입증된 방법이라니 믿음이 가네요.','2025-07-26 09:50:00','VISIBLE'),(45,18,NULL,'sss','이번 여름은 꼭 성공하고 싶네요!','2025-07-26 09:55:00','VISIBLE'),(46,19,NULL,'ttt','스마트홈 구축 꿈만 꾸고 있었는데, 용기를 얻습니다.','2025-07-26 09:45:00','VISIBLE'),(47,20,NULL,'uuu','마케팅 공부 중인데 큰 도움이 되었습니다!','2025-07-26 09:55:00','VISIBLE'),(48,21,NULL,'vvv','신제품 고민 중이었는데 리뷰 잘 참고하겠습니다.','2025-07-26 10:05:00','VISIBLE'),(49,22,NULL,'www','재테크 시작이 막막했는데 좋은 글이네요!','2025-07-26 10:15:00','VISIBLE'),(50,23,NULL,'xxx','명상이 정말 필요했는데... 감사합니다.','2025-07-26 10:25:00','VISIBLE'),(51,24,NULL,'yyy','HTTPS와 인증서에 대해 궁금했는데 이해하기 쉬웠어요.','2025-07-26 10:35:00','VISIBLE'),(52,25,NULL,'zzz','파이썬으로 데이터 분석 시작해보려고요! 좋은 정보 감사합니다.','2025-07-26 10:45:00','VISIBLE'),(53,26,NULL,'aaa','저도 전자책 만들고 싶었는데 좋은 팁이네요.','2025-07-26 10:55:00','VISIBLE'),(54,27,NULL,'bbb','회의 시간을 줄이는 팁이 특히 좋았습니다.','2025-07-26 11:05:00','VISIBLE'),(55,28,NULL,'ccc','추천 도서 리스트 참고해서 읽어보겠습니다.','2025-07-26 11:15:00','VISIBLE'),(56,29,NULL,'ddd','사진 잘 찍는 법 배우고 싶었는데 유용해요.','2025-07-26 11:25:00','VISIBLE'),(57,30,NULL,'eee','블록체인 개념이 어려웠는데 이해하기 쉬웠습니다.','2025-07-26 11:35:00','VISIBLE'),(58,31,NULL,'fff','안드로이드 개발 시작하려는데 좋은 가이드네요!','2025-07-27 09:15:00','VISIBLE'),(59,31,NULL,'ggg','iOS도 관심 있는데, 환경 세팅 팁이 유용해요.','2025-07-27 09:20:00','VISIBLE'),(60,31,NULL,'hhh','입문자에게 정말 필요한 정보네요. 감사합니다!','2025-07-27 09:25:00','VISIBLE'),(61,31,NULL,'iii','막막했는데 이 글 덕분에 용기를 얻습니다.','2025-07-27 09:30:00','VISIBLE'),(62,31,NULL,'jjj','모바일 개발의 첫걸음을 떼는 데 큰 도움이 되었습니다.','2025-07-27 09:35:00','VISIBLE'),(63,32,NULL,'kkk','AI 개념이 궁금했는데 쉽게 설명해주셔서 좋네요.','2025-07-27 09:20:00','VISIBLE'),(64,33,NULL,'lll','클라우드 서비스 고민 중이었는데 비교 분석 감사합니다.','2025-07-27 09:30:00','VISIBLE'),(65,34,NULL,'mmm','스마트 워치 유저에게 정말 유용한 팁이네요.','2025-07-27 09:40:00','VISIBLE'),(66,35,NULL,'nnn','계획 짜기가 가장 어려웠는데 좋은 팁이네요!','2025-07-27 09:50:00','VISIBLE'),(67,36,NULL,'ooo','재택근무 생산성을 높이는 팁이 특히 좋았습니다.','2025-07-27 10:00:00','VISIBLE'),(68,37,NULL,'ppp','와이파이가 느려서 고민이었는데 참고할게요!','2025-07-27 10:10:00','VISIBLE'),(69,38,NULL,'qqq','발표 울렁증이 있는데 용기를 얻었습니다!','2025-07-27 10:20:00','VISIBLE'),(70,39,NULL,'rrr','빅데이터 개념이 어려웠는데 감사합니다.','2025-07-27 10:30:00','VISIBLE'),(71,40,NULL,'sss','개인정보 보호 정말 중요하죠. 좋은 정보네요.','2025-07-27 10:40:00','VISIBLE'),(72,41,NULL,'ttt','클라우드 비용 때문에 고민이었는데 큰 도움이 될 것 같습니다.','2025-07-27 10:50:00','VISIBLE'),(73,42,NULL,'uuu','파이썬, 자바, 자바스크립트 비교 분석 감사합니다.','2025-07-27 11:00:00','VISIBLE'),(74,43,NULL,'vvv','규칙적인 식사 시간이 정말 중요하죠.','2025-07-27 11:10:00','VISIBLE'),(75,44,NULL,'www','생산성 앱 리스트 참고해서 설치해봐야겠어요!','2025-07-27 11:20:00','VISIBLE'),(76,45,NULL,'xxx','집중력 높이는 환경 조성 팁이 특히 좋네요.','2025-07-27 11:30:00','VISIBLE'),(77,46,NULL,'yyy','블록체인 기술에 대해 쉽게 이해할 수 있었습니다.','2025-07-28 09:15:00','VISIBLE'),(78,47,NULL,'zzz','집에서 일할 때 집중이 잘 안됐는데 팁 참고하겠습니다!','2025-07-28 09:25:00','VISIBLE'),(79,48,NULL,'aaa','코세라, 에덱스 등 사이트 정보 감사합니다!','2025-07-28 09:30:00','VISIBLE'),(80,49,NULL,'bbb','초보자에게 정말 필요한 책 리스트네요.','2025-07-28 09:40:00','VISIBLE'),(81,50,NULL,'ccc','회의록 작성이 막막했는데 큰 도움이 됐습니다.','2025-07-28 09:50:00','VISIBLE'),(82,51,NULL,'ddd','데이터 백업 정말 중요하죠. 좋은 정보네요.','2025-07-28 10:00:00','VISIBLE'),(83,52,NULL,'eee','SEO 개념이 어려웠는데 쉽게 설명해주셔서 감사합니다.','2025-07-28 10:10:00','VISIBLE'),(84,53,NULL,'fff','언젠가 디지털 노마드가 되는 게 꿈이에요!','2025-07-28 10:20:00','VISIBLE'),(85,54,NULL,'ggg','업무 효율 높이는 앱 리스트라니! 감사합니다.','2025-07-28 10:30:00','VISIBLE'),(86,55,NULL,'hhh','부트캠프 고민 중이었는데 참고할게요.','2025-07-28 10:40:00','VISIBLE'),(87,56,NULL,'iii','오픈소스 기여에 관심 있었는데 좋은 팁이네요.','2025-07-28 10:50:00','VISIBLE'),(88,57,NULL,'jjj','프리랜서에게 정말 유용한 글입니다.','2025-07-28 11:00:00','VISIBLE'),(89,58,NULL,'kkk','안전한 클라우드 사용을 위해 참고하겠습니다.','2025-07-28 11:10:00','VISIBLE'),(90,59,NULL,'lll','AI 챗봇 활용 분야가 정말 다양하네요.','2025-07-28 11:20:00','VISIBLE'),(91,60,NULL,'mmm','이메일 작성 팁 감사합니다. 바로 적용해봐야겠어요.','2025-07-28 11:30:00','VISIBLE'),(92,61,NULL,'nnn','블록체인 기술이 정말 다양한 분야에서 활용될 것 같네요.','2025-07-29 09:15:00','VISIBLE'),(93,62,NULL,'ooo','스마트폰 보안 정말 중요하죠. 좋은 정보네요.','2025-07-29 09:20:00','VISIBLE'),(94,63,NULL,'ppp','클라우드 고민 중이었는데 비교 분석 감사합니다.','2025-07-29 09:30:00','VISIBLE'),(95,64,NULL,'qqq','애자일과 워터폴 방법론 이해에 도움이 됐습니다.','2025-07-29 09:40:00','VISIBLE'),(96,65,NULL,'rrr','자격증 공부 시작하려는데 좋은 팁이네요!','2025-07-29 09:50:00','VISIBLE'),(97,66,NULL,'sss','팀 내 코드 품질 향상에 꼭 필요한 내용이네요.','2025-07-29 10:00:00','VISIBLE'),(98,67,NULL,'ttt','스마트홈 자동화 정말 신기하고 재밌네요.','2025-07-29 10:10:00','VISIBLE'),(99,68,NULL,'uuu','회의 시간 줄이는 팁이 특히 좋았습니다.','2025-07-29 10:20:00','VISIBLE'),(100,69,NULL,'vvv','코딩 테스트 준비 막막했는데 좋은 가이드 감사합니다!','2025-07-29 10:40:00','VISIBLE'),(101,69,NULL,'www','자주 출제되는 유형 정리라니 정말 유용하네요!','2025-07-29 10:45:00','VISIBLE'),(102,69,NULL,'xxx','이 글 덕분에 코딩 테스트 자신감이 생겼어요!','2025-07-29 10:50:00','VISIBLE'),(103,69,NULL,'yyy','알고리즘 공부 시작하려는데 큰 도움이 되었습니다.','2025-07-29 10:55:00','VISIBLE'),(104,70,NULL,'zzz','데이터 시각화에 관심 있었는데 좋은 글이네요.','2025-07-29 10:50:00','VISIBLE'),(105,71,NULL,'aaa','라이선스 종류가 헷갈렸는데 정리가 잘 되어 있네요.','2025-07-29 11:00:00','VISIBLE'),(106,72,NULL,'bbb','복잡한 문제를 해결하는 데 도움이 될 것 같아요.','2025-07-29 11:10:00','VISIBLE'),(107,73,NULL,'ccc','웹 접근성 정말 중요한 부분이죠. 좋은 글 감사합니다.','2025-07-29 11:20:00','VISIBLE'),(108,74,NULL,'ddd','최신 트렌드 분석이라니! 참고하겠습니다.','2025-07-29 11:30:00','VISIBLE'),(109,75,NULL,'eee','클라우드 비용 때문에 고민이었는데 좋은 팁이네요.','2025-07-30 09:15:00','VISIBLE'),(110,76,NULL,'fff','AI 공부 시작하려는데 좋은 자료 감사합니다!','2025-07-30 09:20:00','VISIBLE'),(111,77,NULL,'ggg','팀워크 향상에 도움 되는 도구라니! 감사합니다.','2025-07-30 09:30:00','VISIBLE'),(112,78,NULL,'hhh','버그 추적이 어려웠는데 팁 참고하겠습니다.','2025-07-30 09:40:00','VISIBLE'),(113,79,NULL,'iii','UX 디자인에 관심 있었는데 좋은 글이네요.','2025-07-30 09:50:00','VISIBLE'),(114,80,NULL,'jjj','언어 선택에 고민 많았는데 큰 도움 됐습니다.','2025-07-30 10:00:00','VISIBLE'),(115,81,NULL,'kkk','스타트업 준비 중인데 좋은 사례 분석이네요.','2025-07-30 10:10:00','VISIBLE'),(116,82,NULL,'lll','최신 SEO 트렌드라니! 참고하겠습니다.','2025-07-30 10:20:00','VISIBLE'),(117,83,NULL,'mmm','VR 기술의 발전이 정말 놀랍네요.','2025-07-30 10:30:00','VISIBLE'),(118,84,NULL,'nnn','프레임워크 고민 중이었는데 비교 분석 감사합니다.','2025-07-30 10:40:00','VISIBLE'),(119,85,NULL,'ooo','팀 소통에 도움이 될 것 같아요!','2025-07-30 10:50:00','VISIBLE'),(120,86,NULL,'ppp','안전한 클라우드 운영을 위해 참고하겠습니다.','2025-07-30 11:00:00','VISIBLE'),(121,87,NULL,'qqq','공부 계획 짜기가 가장 어려웠는데 좋은 팁이네요.','2025-07-30 11:10:00','VISIBLE'),(122,88,NULL,'rrr','인터넷이 느려서 답답했는데 참고할게요!','2025-07-30 11:20:00','VISIBLE'),(123,89,NULL,'sss','프리랜서에게 정말 유용한 팁입니다.','2025-07-30 11:30:00','VISIBLE'),(124,90,NULL,'ttt','언어 선택에 큰 도움이 될 것 같습니다.','2025-07-31 09:15:00','VISIBLE'),(125,91,NULL,'uuu','온라인 강의 플랫폼 정보 감사합니다!','2025-07-31 09:20:00','VISIBLE'),(126,92,NULL,'vvv','인프라 자동화에 관심 있었는데 좋은 정보네요.','2025-07-31 09:30:00','VISIBLE'),(127,93,NULL,'www','AI 기술의 윤리적 측면을 고민해보게 하는 글이네요.','2025-07-31 09:40:00','VISIBLE'),(128,94,NULL,'xxx','Git 사용법 공부 중이었는데 좋은 글이네요.','2025-07-31 09:50:00','VISIBLE'),(129,95,NULL,'yyy','마케팅 트렌드 분석 감사합니다. 참고하겠습니다.','2025-07-31 10:00:00','VISIBLE'),(130,96,NULL,'zzz','코딩 인터뷰 준비가 막막했는데 큰 도움 됐습니다.','2025-07-31 10:15:00','VISIBLE'),(131,96,NULL,'aaa','자주 묻는 문제 유형 정리가 정말 유용하네요!','2025-07-31 10:20:00','VISIBLE'),(132,96,NULL,'bbb','면접 준비에 이 글 스크랩해갑니다!','2025-07-31 10:25:00','VISIBLE'),(133,96,NULL,'ccc','덕분에 코딩 인터뷰에 대한 부담이 줄었어요.','2025-07-31 10:30:00','VISIBLE'),(134,97,NULL,'ddd','문서 작성 팁 감사합니다. 바로 적용해봐야겠어요.','2025-07-31 10:25:00','VISIBLE'),(135,98,NULL,'eee','지속 가능한 루틴을 만드는 법이 궁금했는데 좋은 글이네요.','2025-07-31 10:30:00','VISIBLE'),(136,99,NULL,'fff','최신 웹 개발 트렌드라니! 참고하겠습니다.','2025-07-31 10:40:00','VISIBLE'),(137,100,NULL,'ggg','사이버 보안 정말 중요하죠. 좋은 정보 감사합니다.','2025-07-31 10:50:00','VISIBLE'),(138,101,NULL,'hhh','클라우드 네이티브 개발에 대해 이해할 수 있었습니다.','2025-07-31 11:00:00','VISIBLE'),(139,102,NULL,'iii','AI 활용 분야가 정말 다양하네요.','2025-07-31 11:10:00','VISIBLE'),(140,103,NULL,'jjj','코딩 연습 사이트 찾고 있었는데 좋은 정보네요!','2025-07-31 11:20:00','VISIBLE'),(141,104,NULL,'kkk','팀워크 강화 팁 감사합니다. 적용해봐야겠어요.','2025-07-31 11:30:00','VISIBLE'),(142,105,NULL,'lll','개발 프로세스에 대한 이해가 깊어졌습니다.','2025-08-01 09:15:00','VISIBLE'),(143,106,NULL,'mmm','문제 해결 전략 팁 감사합니다. 참고하겠습니다.','2025-08-01 09:20:00','VISIBLE'),(144,107,NULL,'nnn','SQL 기초에 대해 다시 한번 정리할 수 있었어요.','2025-08-01 09:30:00','VISIBLE'),(145,108,NULL,'ooo','원격 근무에 유용한 협업 툴 정보 감사합니다!','2025-08-01 09:40:00','VISIBLE'),(146,109,NULL,'ppp','웹 디자인에 관심 있었는데 좋은 글이네요.','2025-08-01 09:50:00','VISIBLE'),(147,110,NULL,'qqq','2025년 앱 개발 트렌드라니! 참고하겠습니다.','2025-08-01 10:00:00','VISIBLE'),(148,111,NULL,'rrr','Git과 브랜치 전략 팁 감사합니다. 도움이 많이 됐습니다.','2025-08-01 10:10:00','VISIBLE'),(149,112,NULL,'sss','클라우드 인프라 구축 사례라니 흥미롭네요.','2025-08-01 10:20:00','VISIBLE'),(150,113,NULL,'ttt','데이터 과학 공부 시작하려는데 좋은 정보네요.','2025-08-01 10:30:00','VISIBLE'),(151,114,NULL,'uuu','AI 모델 개발 과정에 대해 이해할 수 있었습니다.','2025-08-01 10:40:00','VISIBLE'),(152,115,NULL,'vvv','디버깅이 어려웠는데 팁 참고하겠습니다.','2025-08-01 10:50:00','VISIBLE'),(153,116,NULL,'www','프로그래밍 학습 자료 리스트라니! 감사합니다.','2025-08-01 11:00:00','VISIBLE'),(154,117,NULL,'xxx','문서화 팁 감사합니다. 깔끔하게 정리되어 있네요.','2025-08-01 11:10:00','VISIBLE'),(155,118,NULL,'yyy','Jira, Trello, Asana 비교 분석 감사합니다.','2025-08-01 11:20:00','VISIBLE'),(156,119,NULL,'zzz','스타트업 준비 중인데 좋은 인사이트 얻었습니다.','2025-08-01 11:30:00','VISIBLE');
/*!40000 ALTER TABLE `board_info_comments` ENABLE KEYS */;
UNLOCK TABLES;

--
-- Table structure for table `board_info_recommend`
--

DROP TABLE IF EXISTS `board_info_recommend`;
/*!40101 SET @saved_cs_client     = @@character_set_client */;
/*!50503 SET character_set_client = utf8mb4 */;
CREATE TABLE `board_info_recommend` (
  `id` int NOT NULL AUTO_INCREMENT,
  `board_id` int DEFAULT NULL,
  `username` varchar(255) DEFAULT NULL,
  `is_active` bit(1) DEFAULT b'1',
  `created_at` datetime DEFAULT CURRENT_TIMESTAMP,
  `updated_at` datetime DEFAULT CURRENT_TIMESTAMP,
  PRIMARY KEY (`id`),
  UNIQUE KEY `uq_board_user` (`board_id`,`username`),
  KEY `board_info_recommend_ibfk_1_idx` (`board_id`),
  KEY `board_info_recommend_ibfk_2_idx` (`username`),
  CONSTRAINT `board_info_recommend_ibfk_1` FOREIGN KEY (`board_id`) REFERENCES `board_info` (`id`) ON DELETE CASCADE,
  CONSTRAINT `board_info_recommend_ibfk_2` FOREIGN KEY (`username`) REFERENCES `user_auth` (`username`) ON DELETE CASCADE
) ENGINE=InnoDB AUTO_INCREMENT=107 DEFAULT CHARSET=utf8mb4 COLLATE=utf8mb4_0900_ai_ci;
/*!40101 SET character_set_client = @saved_cs_client */;

--
-- Dumping data for table `board_info_recommend`
--

LOCK TABLES `board_info_recommend` WRITE;
/*!40000 ALTER TABLE `board_info_recommend` DISABLE KEYS */;
INSERT INTO `board_info_recommend` VALUES (2,1,'bbb',_binary '','2025-07-25 09:15:00','2025-07-25 09:15:00'),(3,1,'ccc',_binary '','2025-07-25 09:16:00','2025-07-25 09:16:00'),(4,1,'ddd',_binary '','2025-07-25 09:17:00','2025-07-25 09:17:00'),(5,1,'eee',_binary '','2025-07-25 09:18:00','2025-07-25 09:18:00'),(6,1,'fff',_binary '','2025-07-25 09:19:00','2025-07-25 09:19:00'),(7,1,'ggg',_binary '','2025-07-25 09:20:00','2025-07-25 09:20:00'),(8,1,'hhh',_binary '','2025-07-25 09:21:00','2025-07-25 09:21:00'),(9,1,'iii',_binary '','2025-07-25 09:22:00','2025-07-25 09:22:00'),(10,1,'jjj',_binary '','2025-07-25 09:23:00','2025-07-25 09:23:00'),(11,1,'kkk',_binary '','2025-07-25 09:24:00','2025-07-25 09:24:00'),(12,3,'lll',_binary '','2025-07-25 09:25:00','2025-07-25 09:25:00'),(13,3,'mmm',_binary '','2025-07-25 09:26:00','2025-07-25 09:26:00'),(14,3,'nnn',_binary '','2025-07-25 09:27:00','2025-07-25 09:27:00'),(15,3,'ooo',_binary '','2025-07-25 09:28:00','2025-07-25 09:28:00'),(16,3,'ppp',_binary '','2025-07-25 09:29:00','2025-07-25 09:29:00'),(17,3,'qqq',_binary '','2025-07-25 09:30:00','2025-07-25 09:30:00'),(18,3,'rrr',_binary '','2025-07-25 09:31:00','2025-07-25 09:31:00'),(19,3,'sss',_binary '','2025-07-25 09:32:00','2025-07-25 09:32:00'),(20,11,'ttt',_binary '','2025-07-25 10:45:00','2025-07-25 10:45:00'),(21,11,'uuu',_binary '','2025-07-25 10:46:00','2025-07-25 10:46:00'),(22,11,'vvv',_binary '','2025-07-25 10:47:00','2025-07-25 10:47:00'),(23,11,'www',_binary '','2025-07-25 10:48:00','2025-07-25 10:48:00'),(24,11,'xxx',_binary '','2025-07-25 10:49:00','2025-07-25 10:49:00'),(25,11,'yyy',_binary '','2025-07-25 10:50:00','2025-07-25 10:50:00'),(26,11,'zzz',_binary '','2025-07-25 10:51:00','2025-07-25 10:51:00'),(27,11,'aaa',_binary '','2025-07-25 10:52:00','2025-07-25 10:52:00'),(28,11,'bbb',_binary '','2025-07-25 10:53:00','2025-07-25 10:53:00'),(29,11,'ccc',_binary '','2025-07-25 10:54:00','2025-07-25 10:54:00'),(30,11,'ddd',_binary '','2025-07-25 10:55:00','2025-07-25 10:55:00'),(31,11,'eee',_binary '','2025-07-25 10:56:00','2025-07-25 10:56:00'),(32,16,'fff',_binary '','2025-07-26 09:20:00','2025-07-26 09:20:00'),(33,16,'ggg',_binary '','2025-07-26 09:21:00','2025-07-26 09:21:00'),(34,16,'hhh',_binary '','2025-07-26 09:22:00','2025-07-26 09:22:00'),(35,16,'iii',_binary '','2025-07-26 09:23:00','2025-07-26 09:23:00'),(36,16,'jjj',_binary '','2025-07-26 09:24:00','2025-07-26 09:24:00'),(37,16,'kkk',_binary '','2025-07-26 09:25:00','2025-07-26 09:25:00'),(38,16,'lll',_binary '','2025-07-26 09:26:00','2025-07-26 09:26:00'),(39,16,'mmm',_binary '','2025-07-26 09:27:00','2025-07-26 09:27:00'),(40,18,'nnn',_binary '','2025-07-26 09:30:00','2025-07-26 09:30:00'),(41,18,'ooo',_binary '','2025-07-26 09:31:00','2025-07-26 09:31:00'),(42,18,'ppp',_binary '','2025-07-26 09:32:00','2025-07-26 09:32:00'),(43,18,'qqq',_binary '','2025-07-26 09:33:00','2025-07-26 09:33:00'),(44,18,'rrr',_binary '','2025-07-26 09:34:00','2025-07-26 09:34:00'),(45,18,'sss',_binary '','2025-07-26 09:35:00','2025-07-26 09:35:00'),(46,18,'ttt',_binary '','2025-07-26 09:36:00','2025-07-26 09:36:00'),(47,18,'uuu',_binary '','2025-07-26 09:37:00','2025-07-26 09:37:00'),(48,18,'vvv',_binary '','2025-07-26 09:38:00','2025-07-26 09:38:00'),(49,18,'www',_binary '','2025-07-26 09:39:00','2025-07-26 09:39:00'),(50,31,'xxx',_binary '','2025-07-27 09:10:00','2025-07-27 09:10:00'),(51,31,'yyy',_binary '','2025-07-27 09:11:00','2025-07-27 09:11:00'),(52,31,'zzz',_binary '','2025-07-27 09:12:00','2025-07-27 09:12:00'),(53,31,'aaa',_binary '','2025-07-27 09:13:00','2025-07-27 09:13:00'),(54,31,'bbb',_binary '','2025-07-27 09:14:00','2025-07-27 09:14:00'),(55,31,'ccc',_binary '','2025-07-27 09:15:00','2025-07-27 09:15:00'),(56,31,'ddd',_binary '','2025-07-27 09:16:00','2025-07-27 09:16:00'),(57,31,'eee',_binary '','2025-07-27 09:17:00','2025-07-27 09:17:00'),(58,69,'fff',_binary '','2025-07-29 10:35:00','2025-07-29 10:35:00'),(59,69,'ggg',_binary '','2025-07-29 10:36:00','2025-07-29 10:36:00'),(60,69,'hhh',_binary '','2025-07-29 10:37:00','2025-07-29 10:37:00'),(61,69,'iii',_binary '','2025-07-29 10:38:00','2025-07-29 10:38:00'),(62,69,'jjj',_binary '','2025-07-29 10:39:00','2025-07-29 10:39:00'),(63,69,'kkk',_binary '','2025-07-29 10:40:00','2025-07-29 10:40:00'),(64,69,'lll',_binary '','2025-07-29 10:41:00','2025-07-29 10:41:00'),(65,96,'mmm',_binary '','2025-07-31 10:10:00','2025-07-31 10:10:00'),(66,96,'nnn',_binary '','2025-07-31 10:11:00','2025-07-31 10:11:00'),(67,96,'ooo',_binary '','2025-07-31 10:12:00','2025-07-31 10:12:00'),(68,96,'ppp',_binary '','2025-07-31 10:13:00','2025-07-31 10:13:00'),(69,96,'qqq',_binary '','2025-07-31 10:14:00','2025-07-31 10:14:00'),(70,96,'rrr',_binary '','2025-07-31 10:15:00','2025-07-31 10:15:00'),(71,96,'sss',_binary '','2025-07-31 10:16:00','2025-07-31 10:16:00'),(72,2,'ttt',_binary '','2025-07-25 09:25:00','2025-07-25 09:25:00'),(73,4,'uuu',_binary '','2025-07-25 09:40:00','2025-07-25 09:40:00'),(74,6,'vvv',_binary '','2025-07-25 10:00:00','2025-07-25 10:00:00'),(75,8,'www',_binary '','2025-07-25 10:15:00','2025-07-25 10:15:00'),(76,10,'xxx',_binary '','2025-07-25 10:35:00','2025-07-25 10:35:00'),(77,14,'yyy',_binary '','2025-07-25 11:15:00','2025-07-25 11:15:00'),(78,15,'zzz',_binary '','2025-07-25 11:25:00','2025-07-25 11:25:00'),(79,17,'aaa',_binary '','2025-07-26 09:20:00','2025-07-26 09:20:00'),(80,22,'bbb',_binary '','2025-07-26 10:10:00','2025-07-26 10:10:00'),(81,24,'ccc',_binary '','2025-07-26 10:25:00','2025-07-26 10:25:00'),(82,30,'ddd',_binary '','2025-07-26 11:25:00','2025-07-26 11:25:00'),(83,35,'eee',_binary '','2025-07-27 09:45:00','2025-07-27 09:45:00'),(84,40,'fff',_binary '','2025-07-27 10:35:00','2025-07-27 10:35:00'),(85,42,'ggg',_binary '','2025-07-27 10:55:00','2025-07-27 10:55:00'),(86,47,'hhh',_binary '','2025-07-28 09:20:00','2025-07-28 09:20:00'),(87,51,'iii',_binary '','2025-07-28 09:55:00','2025-07-28 09:55:00'),(88,55,'jjj',_binary '','2025-07-28 10:35:00','2025-07-28 10:35:00'),(89,60,'kkk',_binary '','2025-07-28 11:25:00','2025-07-28 11:25:00'),(90,63,'lll',_binary '','2025-07-29 09:25:00','2025-07-29 09:25:00'),(91,66,'mmm',_binary '','2025-07-29 09:55:00','2025-07-29 09:55:00'),(92,71,'nnn',_binary '','2025-07-29 10:55:00','2025-07-29 10:55:00'),(93,75,'ooo',_binary '','2025-07-30 09:10:00','2025-07-30 09:10:00'),(94,77,'ppp',_binary '','2025-07-30 09:25:00','2025-07-30 09:25:00'),(95,80,'qqq',_binary '','2025-07-30 09:55:00','2025-07-30 09:55:00'),(96,84,'rrr',_binary '','2025-07-30 10:35:00','2025-07-30 10:35:00'),(97,87,'sss',_binary '','2025-07-30 11:05:00','2025-07-30 11:05:00'),(98,90,'ttt',_binary '','2025-07-31 09:10:00','2025-07-31 09:10:00'),(99,93,'uuu',_binary '','2025-07-31 09:35:00','2025-07-31 09:35:00'),(100,97,'vvv',_binary '','2025-07-31 10:20:00','2025-07-31 10:20:00'),(101,100,'www',_binary '','2025-07-31 10:45:00','2025-07-31 10:45:00'),(102,104,'xxx',_binary '','2025-07-31 11:25:00','2025-07-31 11:25:00'),(103,108,'yyy',_binary '','2025-08-01 09:35:00','2025-08-01 09:35:00'),(104,112,'zzz',_binary '','2025-08-01 10:15:00','2025-08-01 10:15:00'),(105,115,'aaa',_binary '','2025-08-01 10:45:00','2025-08-01 10:45:00'),(106,119,'bbb',_binary '','2025-08-01 11:25:00','2025-08-01 11:25:00');
/*!40000 ALTER TABLE `board_info_recommend` ENABLE KEYS */;
UNLOCK TABLES;

--
-- Table structure for table `board_notice`
--

DROP TABLE IF EXISTS `board_notice`;
/*!40101 SET @saved_cs_client     = @@character_set_client */;
/*!50503 SET character_set_client = utf8mb4 */;
CREATE TABLE `board_notice` (
  `id` int NOT NULL AUTO_INCREMENT,
  `title` varchar(255) NOT NULL,
  `body` tinytext NOT NULL,
  `imgsrc` varchar(255) DEFAULT NULL,
  `author` varchar(255) NOT NULL,
  `recommend` int DEFAULT '0',
  `views` int DEFAULT '0',
  `category` varchar(30) DEFAULT 'notice',
  `created_at` datetime DEFAULT CURRENT_TIMESTAMP,
  `updated_at` datetime DEFAULT CURRENT_TIMESTAMP ON UPDATE CURRENT_TIMESTAMP,
  `status` enum('VISIBLE','DELETED','PRIVATE','BLOCKED') DEFAULT 'VISIBLE',
  PRIMARY KEY (`id`),
  KEY `board_food_ibfk_1_idx` (`author`),
  CONSTRAINT `board_notice_ibfk_1` FOREIGN KEY (`author`) REFERENCES `user_auth` (`username`) ON DELETE CASCADE
) ENGINE=InnoDB AUTO_INCREMENT=5 DEFAULT CHARSET=utf8mb4 COLLATE=utf8mb4_0900_ai_ci;
/*!40101 SET character_set_client = @saved_cs_client */;

--
-- Dumping data for table `board_notice`
--

LOCK TABLES `board_notice` WRITE;
/*!40000 ALTER TABLE `board_notice` DISABLE KEYS */;
INSERT INTO `board_notice` VALUES (4,'404NotFound 첫 공지','방문해주신 여러분들 잘 부탁드립니다. ',NULL,'aaa',1,2,'notice','2025-07-25 02:00:59','2025-07-25 02:00:59','VISIBLE');
/*!40000 ALTER TABLE `board_notice` ENABLE KEYS */;
UNLOCK TABLES;

--
-- Table structure for table `board_notice_comments`
--

DROP TABLE IF EXISTS `board_notice_comments`;
/*!40101 SET @saved_cs_client     = @@character_set_client */;
/*!50503 SET character_set_client = utf8mb4 */;
CREATE TABLE `board_notice_comments` (
  `id` int NOT NULL AUTO_INCREMENT,
  `board_id` int NOT NULL,
  `parent_id` int DEFAULT NULL,
  `author` varchar(255) NOT NULL,
  `content` tinytext NOT NULL,
  `created_at` datetime DEFAULT CURRENT_TIMESTAMP,
  `status` enum('VISIBLE','DELETED','PRIVATE','BLOCKED') DEFAULT 'VISIBLE',
  PRIMARY KEY (`id`),
  KEY `board_free_comments_ibfk_2_idx` (`author`),
  KEY `board_notice_comments_ibfk_1_idx` (`board_id`),
  CONSTRAINT `board_notice_comments_ibfk_1` FOREIGN KEY (`board_id`) REFERENCES `board_notice` (`id`) ON DELETE CASCADE,
  CONSTRAINT `board_notice_comments_ibfk_2` FOREIGN KEY (`author`) REFERENCES `user_auth` (`username`) ON DELETE CASCADE
) ENGINE=InnoDB AUTO_INCREMENT=2 DEFAULT CHARSET=utf8mb4 COLLATE=utf8mb4_0900_ai_ci;
/*!40101 SET character_set_client = @saved_cs_client */;

--
-- Dumping data for table `board_notice_comments`
--

LOCK TABLES `board_notice_comments` WRITE;
/*!40000 ALTER TABLE `board_notice_comments` DISABLE KEYS */;
INSERT INTO `board_notice_comments` VALUES (1,4,NULL,'bbb','넹','2025-07-31 02:01:35','VISIBLE');
/*!40000 ALTER TABLE `board_notice_comments` ENABLE KEYS */;
UNLOCK TABLES;

--
-- Table structure for table `board_notice_recommend`
--

DROP TABLE IF EXISTS `board_notice_recommend`;
/*!40101 SET @saved_cs_client     = @@character_set_client */;
/*!50503 SET character_set_client = utf8mb4 */;
CREATE TABLE `board_notice_recommend` (
  `id` int NOT NULL AUTO_INCREMENT,
  `board_id` int DEFAULT NULL,
  `username` varchar(255) DEFAULT NULL,
  `is_active` bit(1) DEFAULT b'1',
  `created_at` datetime DEFAULT CURRENT_TIMESTAMP,
  `updated_at` datetime DEFAULT CURRENT_TIMESTAMP,
  PRIMARY KEY (`id`),
  UNIQUE KEY `uq_board_user` (`board_id`,`username`),
  KEY `board_notice_recommend_ibfk_1_idx` (`board_id`),
  KEY `board_notice_recommend_ibfk_2_idx` (`username`),
  CONSTRAINT `board_notice_recommend_ibfk_1` FOREIGN KEY (`board_id`) REFERENCES `board_notice` (`id`) ON DELETE CASCADE,
  CONSTRAINT `board_notice_recommend_ibfk_2` FOREIGN KEY (`username`) REFERENCES `user_auth` (`username`) ON DELETE CASCADE
) ENGINE=InnoDB AUTO_INCREMENT=2 DEFAULT CHARSET=utf8mb4 COLLATE=utf8mb4_0900_ai_ci;
/*!40101 SET character_set_client = @saved_cs_client */;

--
-- Dumping data for table `board_notice_recommend`
--

LOCK TABLES `board_notice_recommend` WRITE;
/*!40000 ALTER TABLE `board_notice_recommend` DISABLE KEYS */;
INSERT INTO `board_notice_recommend` VALUES (1,4,'bbb',_binary '','2025-07-31 02:01:34','2025-07-31 02:01:34');
/*!40000 ALTER TABLE `board_notice_recommend` ENABLE KEYS */;
UNLOCK TABLES;

--
-- Table structure for table `board_qna`
--

DROP TABLE IF EXISTS `board_qna`;
/*!40101 SET @saved_cs_client     = @@character_set_client */;
/*!50503 SET character_set_client = utf8mb4 */;
CREATE TABLE `board_qna` (
  `id` int NOT NULL AUTO_INCREMENT,
  `title` varchar(255) NOT NULL,
  `body` tinytext NOT NULL,
  `imgsrc` varchar(255) DEFAULT NULL,
  `author` varchar(255) NOT NULL,
  `recommend` int DEFAULT '0',
  `views` int DEFAULT '0',
  `category` varchar(30) DEFAULT 'qna',
  `created_at` datetime DEFAULT CURRENT_TIMESTAMP,
  `updated_at` datetime DEFAULT CURRENT_TIMESTAMP ON UPDATE CURRENT_TIMESTAMP,
  `status` enum('VISIBLE','DELETED','PRIVATE','BLOCKED') DEFAULT 'VISIBLE',
  PRIMARY KEY (`id`),
  KEY `board_qna_ibfk_1_idx` (`author`),
  CONSTRAINT `board_qna_ibfk_1` FOREIGN KEY (`author`) REFERENCES `user_auth` (`username`) ON DELETE CASCADE
) ENGINE=InnoDB AUTO_INCREMENT=121 DEFAULT CHARSET=utf8mb4 COLLATE=utf8mb4_0900_ai_ci;
/*!40101 SET character_set_client = @saved_cs_client */;

--
-- Dumping data for table `board_qna`
--

LOCK TABLES `board_qna` WRITE;
/*!40000 ALTER TABLE `board_qna` DISABLE KEYS */;
INSERT INTO `board_qna` VALUES (1,'집에서 빨래 냄새 없애는 방법?','빨래를 했는데도 눅눅하거나 냄새가 날 때 효과적으로 없애는 방법이 있을까요?',NULL,'aaa',0,0,'qna','2025-07-25 09:00:00','2025-07-25 09:00:00','VISIBLE'),(2,'아침에 일어나기 힘들 때 어떻게 해야 할까요?','아침에 항상 피곤해서 일어나기 힘든데, 좋은 습관이나 팁이 있을까요?',NULL,'bbb',0,0,'qna','2025-07-25 09:10:00','2025-07-25 09:10:00','VISIBLE'),(3,'효과적인 스트레스 해소법 추천해주세요','일상에서 스트레스를 빠르게 풀 수 있는 방법이 궁금합니다.',NULL,'ccc',0,0,'qna','2025-07-25 09:20:00','2025-07-25 09:20:00','VISIBLE'),(4,'여름철 피부 관리 어떻게 해야 하나요?','여름에 자주 생기는 피부 트러블 예방 및 관리법을 알려주세요.',NULL,'ddd',0,0,'qna','2025-07-25 09:30:00','2025-07-25 09:30:00','VISIBLE'),(5,'간단하게 집안 정리하는 팁 있나요?','바쁜 일상 속에서 빠르고 효과적으로 집을 정리하는 방법이 있을까요?',NULL,'eee',0,0,'qna','2025-07-25 09:40:00','2025-07-25 09:40:00','VISIBLE'),(6,'혼자 여행 가려는데 준비물은 뭐가 좋을까요?','혼자 여행할 때 꼭 챙겨야 할 물건이나 꿀팁이 있을까요?',NULL,'fff',0,0,'qna','2025-07-25 09:50:00','2025-07-25 09:50:00','VISIBLE'),(7,'집에서 간단하게 할 수 있는 운동 추천해 주세요','헬스장 가지 않고 집에서 할 수 있는 운동 종류와 방법을 알려주세요.',NULL,'ggg',0,0,'qna','2025-07-25 10:00:00','2025-07-25 10:00:00','VISIBLE'),(8,'반려동물 냄새 제거하는 방법이 있나요?','강아지나 고양이 냄새를 효과적으로 제거하는 방법이 궁금합니다.',NULL,'hhh',0,0,'qna','2025-07-25 10:10:00','2025-07-25 10:10:00','VISIBLE'),(9,'맛집 추천 앱 중에 좋은 거 있을까요?','지역별로 믿을 만한 맛집을 추천해주는 앱이 있으면 알려주세요.',NULL,'iii',0,0,'qna','2025-07-25 10:20:00','2025-07-25 10:20:00','VISIBLE'),(10,'겨울철 감기 예방 방법','겨울에 감기에 안 걸리기 위한 생활습관이나 음식 추천 부탁해요.',NULL,'jjj',0,0,'qna','2025-07-25 10:30:00','2025-07-25 10:30:00','VISIBLE'),(11,'집에서 쉽게 만드는 간단 요리 추천?','요리 초보도 쉽게 따라 할 수 있는 간단하고 맛있는 요리 추천해주세요.',NULL,'kkk',0,0,'qna','2025-07-25 10:40:00','2025-07-25 10:40:00','VISIBLE'),(12,'친구 생일 선물 추천 좀 해주세요','20대 후반 여자친구 선물 아이디어가 필요해요. 부담스럽지 않은 선물이면 좋겠습니다.',NULL,'lll',0,0,'qna','2025-07-25 10:50:00','2025-07-25 10:50:00','VISIBLE'),(13,'집에서 쉽게 할 수 있는 취미 추천?','요즘 집콕 중인데 재미있고 배우기 쉬운 취미가 있을까요?',NULL,'mmm',0,0,'qna','2025-07-25 11:00:00','2025-07-25 11:00:00','VISIBLE'),(14,'출근길 지하철 혼잡 시간 알려주세요','서울 기준으로 지하철 가장 붐비는 시간대를 알고 싶어요.',NULL,'nnn',0,0,'qna','2025-07-25 11:10:00','2025-07-25 11:10:00','VISIBLE'),(15,'집에서 반려식물 잘 키우는 방법','초보자가 쉽게 키울 수 있는 반려식물과 관리법을 알려주세요.',NULL,'ooo',0,0,'qna','2025-07-25 11:20:00','2025-07-25 11:20:00','VISIBLE'),(16,'여름철 더위 쉽게 이기는 방법?','여름에 집에서 쉽게 더위를 피할 수 있는 방법이 있을까요?',NULL,'aaa',0,0,'qna','2025-07-26 09:00:00','2025-07-26 09:00:00','VISIBLE'),(17,'효과 좋은 숙면 팁 알려주세요','요즘 잠이 잘 안 오는데, 좋은 숙면을 위한 팁이 있을까요?',NULL,'bbb',0,0,'qna','2025-07-26 09:10:00','2025-07-26 09:10:00','VISIBLE'),(18,'간단한 집 청소 순서 추천','시간 없을 때 빠르게 집 청소하는 순서나 팁이 있나요?',NULL,'ccc',0,0,'qna','2025-07-26 09:20:00','2025-07-26 09:20:00','VISIBLE'),(19,'건강한 아침 식사 아이디어','아침에 간단하면서도 건강하게 먹을 수 있는 음식 추천 부탁해요.',NULL,'ddd',0,0,'qna','2025-07-26 09:30:00','2025-07-26 09:30:00','VISIBLE'),(20,'옷에 묻은 기름때 제거법','옷에 기름 얼룩이 생겼을 때 쉽게 지우는 방법이 있을까요?',NULL,'eee',0,0,'qna','2025-07-26 09:40:00','2025-07-26 09:40:00','VISIBLE'),(21,'혼자 즐길 수 있는 취미 추천','혼자서도 재미있게 할 수 있는 취미가 있을까요?',NULL,'fff',0,0,'qna','2025-07-26 09:50:00','2025-07-26 09:50:00','VISIBLE'),(22,'간단한 홈카페 메뉴 만들기','집에서 쉽게 만들 수 있는 홈카페 음료나 디저트 추천해주세요.',NULL,'ggg',0,0,'qna','2025-07-26 10:00:00','2025-07-26 10:00:00','VISIBLE'),(23,'반려동물과 잘 지내는 팁','강아지나 고양이와 더 친해지기 위한 팁이 궁금해요.',NULL,'hhh',0,0,'qna','2025-07-26 10:10:00','2025-07-26 10:10:00','VISIBLE'),(24,'효과적인 다이어트 식단 추천','건강하게 살 빼려면 어떤 식단이 좋을까요?',NULL,'iii',0,0,'qna','2025-07-26 10:20:00','2025-07-26 10:20:00','VISIBLE'),(25,'집에서 곰팡이 제거 방법?','욕실이나 벽에 생긴 곰팡이를 쉽게 없애는 방법 있을까요?',NULL,'jjj',0,0,'qna','2025-07-26 10:30:00','2025-07-26 10:30:00','VISIBLE'),(26,'아이들 간식 추천해 주세요','아이들이 좋아하는 건강한 간식이나 간단한 요리법 알려주세요.',NULL,'kkk',0,0,'qna','2025-07-26 10:40:00','2025-07-26 10:40:00','VISIBLE'),(27,'여행 짐 싸기 팁','효율적으로 여행 짐을 싸는 방법이나 필수품 알려주세요.',NULL,'lll',0,0,'qna','2025-07-26 10:50:00','2025-07-26 10:50:00','VISIBLE'),(28,'아파트 층간 소음 해결 방법','층간 소음 때문에 고민인데 효과적인 해결책 있을까요?',NULL,'mmm',0,0,'qna','2025-07-26 11:00:00','2025-07-26 11:00:00','VISIBLE'),(29,'집에서 할 수 있는 간단 스트레칭','장시간 앉아 있을 때 할 수 있는 스트레칭 추천 부탁해요.',NULL,'nnn',0,0,'qna','2025-07-26 11:10:00','2025-07-26 11:10:00','VISIBLE'),(30,'효과 좋은 피부 보습 방법?','피부가 많이 건조한데 집에서 쉽게 할 수 있는 보습법 있나요?',NULL,'ooo',0,0,'qna','2025-07-26 11:20:00','2025-07-26 11:20:00','VISIBLE'),(31,'효과적인 집중력 향상 방법?','공부나 일을 할 때 집중력을 높일 수 있는 좋은 방법이 있을까요?',NULL,'aaa',0,0,'qna','2025-07-27 09:00:00','2025-07-27 09:00:00','VISIBLE'),(32,'냉장고 음식 오래 보관하는 팁','냉장고 음식이 빨리 상하지 않게 보관하는 꿀팁이 있을까요?',NULL,'bbb',0,0,'qna','2025-07-27 09:10:00','2025-07-27 09:10:00','VISIBLE'),(33,'빨리 지치는 체력 개선 방법','자주 피곤하고 쉽게 지치는데 체력을 키우는 방법 알려주세요.',NULL,'ccc',0,0,'qna','2025-07-27 09:20:00','2025-07-27 09:20:00','VISIBLE'),(34,'간단한 건강 간식 만들기','건강에 좋은 간단한 간식 레시피 추천 부탁합니다.',NULL,'ddd',0,0,'qna','2025-07-27 09:30:00','2025-07-27 09:30:00','VISIBLE'),(35,'공기청정기 효과적인 사용법?','공기청정기를 잘 사용하는 방법과 위치 추천해 주세요.',NULL,'eee',0,0,'qna','2025-07-27 09:40:00','2025-07-27 09:40:00','VISIBLE'),(36,'반려묘 스트레스 해소법','고양이가 스트레스를 받지 않게 하는 방법이 있을까요?',NULL,'fff',0,0,'qna','2025-07-27 09:50:00','2025-07-27 09:50:00','VISIBLE'),(37,'빠르게 배고픔 달래는 간식?','출출할 때 간단하게 먹을 수 있는 건강한 간식 추천해주세요.',NULL,'ggg',0,0,'qna','2025-07-27 10:00:00','2025-07-27 10:00:00','VISIBLE'),(38,'효과적인 다이어트 운동 추천','집에서 할 수 있는 다이어트 운동 종류와 방법 알려주세요.',NULL,'hhh',0,0,'qna','2025-07-27 10:10:00','2025-07-27 10:10:00','VISIBLE'),(39,'여름철 모기 퇴치법','모기를 효과적으로 쫓는 방법이나 제품 추천 바랍니다.',NULL,'iii',0,0,'qna','2025-07-27 10:20:00','2025-07-27 10:20:00','VISIBLE'),(40,'아이들 방 청소 쉽게 하는 법','아이들 방을 쉽게 청소하고 정리하는 방법 알려주세요.',NULL,'jjj',0,0,'qna','2025-07-27 10:30:00','2025-07-27 10:30:00','VISIBLE'),(41,'빠른 피로 회복 방법','하루 일과 후 빠르게 피로를 푸는 방법이 궁금합니다.',NULL,'kkk',0,0,'qna','2025-07-27 10:40:00','2025-07-27 10:40:00','VISIBLE'),(42,'간단하게 만드는 집밥 메뉴 추천','요리 초보도 쉽게 만들 수 있는 집밥 메뉴 알려주세요.',NULL,'lll',0,0,'qna','2025-07-27 10:50:00','2025-07-27 10:50:00','VISIBLE'),(43,'직장인 점심 도시락 추천?','간단하고 건강한 직장인 점심 도시락 아이디어가 필요해요.',NULL,'mmm',0,0,'qna','2025-07-27 11:00:00','2025-07-27 11:00:00','VISIBLE'),(44,'아이들과 놀기 좋은 실내 놀이','비 오는 날 아이들과 집에서 할 수 있는 놀이 추천해주세요.',NULL,'nnn',0,0,'qna','2025-07-27 11:10:00','2025-07-27 11:10:00','VISIBLE'),(45,'건강한 아침 음료 추천','아침에 마시면 좋은 건강 음료 종류 알려주세요.',NULL,'ooo',0,0,'qna','2025-07-27 11:20:00','2025-07-27 11:20:00','VISIBLE'),(46,'집에서 쉽게 만드는 피자 레시피?','피자를 집에서 간단하게 만들고 싶은데, 초보자도 할 수 있는 레시피 있을까요?',NULL,'aaa',0,0,'qna','2025-07-28 09:00:00','2025-07-28 09:00:00','VISIBLE'),(47,'아침마다 커피 대신 마실만한 음료?','카페인 섭취를 줄이려는데 아침에 마실 수 있는 건강한 음료 추천해주세요.',NULL,'bbb',0,0,'qna','2025-07-28 09:10:00','2025-07-28 09:10:00','VISIBLE'),(48,'냉장고 냄새 없애는 방법','냉장고에서 나는 냄새를 없애는 효과적인 방법이나 팁 알려주세요.',NULL,'ccc',0,0,'qna','2025-07-28 09:20:00','2025-07-28 09:20:00','VISIBLE'),(49,'주말에 갈만한 가까운 나들이 장소 추천?','서울 근교에서 주말에 가기 좋은 나들이 장소 추천해 주세요.',NULL,'ddd',0,0,'qna','2025-07-28 09:30:00','2025-07-28 09:30:00','VISIBLE'),(50,'집에서 키우기 쉬운 반려식물?','초보자도 쉽게 키울 수 있는 실내 식물 추천 부탁합니다.',NULL,'eee',0,0,'qna','2025-07-28 09:40:00','2025-07-28 09:40:00','VISIBLE'),(51,'효과 좋은 손톱 관리법','손톱이 잘 부러지는데 건강하게 관리하는 방법 있을까요?',NULL,'fff',0,0,'qna','2025-07-28 09:50:00','2025-07-28 09:50:00','VISIBLE'),(52,'간단한 집안 인테리어 팁','작은 공간을 예쁘게 꾸밀 수 있는 인테리어 팁 알려주세요.',NULL,'ggg',0,0,'qna','2025-07-28 10:00:00','2025-07-28 10:00:00','VISIBLE'),(53,'피로 회복에 좋은 음식 추천?','피곤할 때 먹으면 좋은 음식이나 영양제 추천해주세요.',NULL,'hhh',0,0,'qna','2025-07-28 10:10:00','2025-07-28 10:10:00','VISIBLE'),(54,'아이들 공부 집중력 높이는 방법','아이들이 공부할 때 집중력을 높여줄 방법이나 환경 조성법 궁금해요.',NULL,'iii',0,0,'qna','2025-07-28 10:20:00','2025-07-28 10:20:00','VISIBLE'),(55,'주방용품 정리 꿀팁?','주방을 깔끔하게 정리할 수 있는 방법이나 도구 추천해주세요.',NULL,'jjj',0,0,'qna','2025-07-28 10:30:00','2025-07-28 10:30:00','VISIBLE'),(56,'운동 후 근육통 완화법','운동하고 난 후 근육통을 빠르게 완화하는 방법이 있을까요?',NULL,'kkk',0,0,'qna','2025-07-28 10:40:00','2025-07-28 10:40:00','VISIBLE'),(57,'간단한 저녁 반찬 추천?','요리 시간이 부족할 때 빠르게 만들 수 있는 저녁 반찬 알려주세요.',NULL,'lll',0,0,'qna','2025-07-28 10:50:00','2025-07-28 10:50:00','VISIBLE'),(58,'집에서 만드는 건강 주스 레시피','비타민 가득한 건강 주스 간단한 레시피 추천 부탁해요.',NULL,'mmm',0,0,'qna','2025-07-28 11:00:00','2025-07-28 11:00:00','VISIBLE'),(59,'비 오는 날 즐길 수 있는 실내 활동?','날씨가 안 좋을 때 집에서 할 수 있는 재미있는 활동 추천해 주세요.',NULL,'nnn',0,0,'qna','2025-07-28 11:10:00','2025-07-28 11:10:00','VISIBLE'),(60,'겨울철 피부 건조 해결법','겨울에 피부가 많이 건조해지는데 효과적인 보습 방법이 궁금해요.',NULL,'ooo',0,0,'qna','2025-07-28 11:20:00','2025-07-28 11:20:00','VISIBLE'),(61,'효과적인 시간 관리 방법은?','일상에서 시간을 효율적으로 관리하는 방법이나 앱 추천해주세요.',NULL,'aaa',0,0,'qna','2025-07-29 09:00:00','2025-07-29 09:00:00','VISIBLE'),(62,'집에서 쉽게 키울 수 있는 허브?','요리에 활용하기 좋은 허브 종류와 키우기 쉬운 방법 알려주세요.',NULL,'bbb',0,0,'qna','2025-07-29 09:10:00','2025-07-29 09:10:00','VISIBLE'),(63,'더운 날씨에 건강 관리법?','여름철 건강을 지키기 위한 좋은 습관이나 음식 추천 부탁해요.',NULL,'ccc',0,0,'qna','2025-07-29 09:20:00','2025-07-29 09:20:00','VISIBLE'),(64,'집에서 간단하게 만드는 디저트?','초보자도 쉽게 만들 수 있는 간단한 디저트 레시피 알려주세요.',NULL,'ddd',0,0,'qna','2025-07-29 09:30:00','2025-07-29 09:30:00','VISIBLE'),(65,'효과적인 공부 방법 추천','집중력을 높이고 기억력을 향상시키는 공부법이나 팁이 있을까요?',NULL,'eee',0,0,'qna','2025-07-29 09:40:00','2025-07-29 09:40:00','VISIBLE'),(66,'반려동물 목욕 시 주의사항?','강아지나 고양이 목욕 시 유의해야 할 점 알려주세요.',NULL,'fff',0,0,'qna','2025-07-29 09:50:00','2025-07-29 09:50:00','VISIBLE'),(67,'간단한 아침 식사 메뉴 추천','바쁜 아침에 빠르게 만들 수 있는 건강한 식사 메뉴 알려주세요.',NULL,'ggg',0,0,'qna','2025-07-29 10:00:00','2025-07-29 10:00:00','VISIBLE'),(68,'운동 전 준비 운동 종류?','부상을 방지하는 효과적인 준비 운동 방법 추천 부탁해요.',NULL,'hhh',0,0,'qna','2025-07-29 10:10:00','2025-07-29 10:10:00','VISIBLE'),(69,'집에서 하는 명상 방법','스트레스 해소를 위한 간단한 명상 방법이나 팁 알려주세요.',NULL,'iii',0,0,'qna','2025-07-29 10:20:00','2025-07-29 10:20:00','VISIBLE'),(70,'겨울철 옷 보관법?','겨울 옷을 효율적으로 보관하는 방법이나 팁 알려주세요.',NULL,'jjj',0,0,'qna','2025-07-29 10:30:00','2025-07-29 10:30:00','VISIBLE'),(71,'아이들과 함께 할 수 있는 간단 요리?','아이들이 좋아할 만한 쉽고 재미있는 요리 추천 부탁해요.',NULL,'kkk',0,0,'qna','2025-07-29 10:40:00','2025-07-29 10:40:00','VISIBLE'),(72,'차 안에서 즐길 수 있는 활동?','운전 중이 아닐 때 차 안에서 할 수 있는 재미있는 활동 알려주세요.',NULL,'lll',0,0,'qna','2025-07-29 10:50:00','2025-07-29 10:50:00','VISIBLE'),(73,'효과 좋은 손목 스트레칭','컴퓨터 작업 후 손목을 보호하는 스트레칭 방법 알려주세요.',NULL,'mmm',0,0,'qna','2025-07-29 11:00:00','2025-07-29 11:00:00','VISIBLE'),(74,'간단한 집들이 선물 추천','친구 집들이 갈 때 부담되지 않는 선물 아이디어 알려주세요.',NULL,'nnn',0,0,'qna','2025-07-29 11:10:00','2025-07-29 11:10:00','VISIBLE'),(75,'여름철 모기 퇴치 자연 방법','화학 제품 대신 자연스러운 모기 퇴치법 있나요?',NULL,'ooo',0,0,'qna','2025-07-29 11:20:00','2025-07-29 11:20:00','VISIBLE'),(76,'효과적인 아침 운동 루틴?','아침에 하기 좋은 간단하고 효과적인 운동 루틴 추천 부탁해요.',NULL,'aaa',0,0,'qna','2025-07-30 09:00:00','2025-07-30 09:00:00','VISIBLE'),(77,'집에서 쉽게 만드는 건강 샐러드?','간단하고 맛있는 건강 샐러드 레시피 알려주세요.',NULL,'bbb',0,0,'qna','2025-07-30 09:10:00','2025-07-30 09:10:00','VISIBLE'),(78,'장마철 습기 제거 꿀팁','집 안 습기를 효과적으로 제거하는 방법이나 제품 추천 부탁해요.',NULL,'ccc',0,0,'qna','2025-07-30 09:20:00','2025-07-30 09:20:00','VISIBLE'),(79,'간단하게 즐길 수 있는 취미?','새로 시작하기 좋은 간단한 취미 활동 추천해주세요.',NULL,'ddd',0,0,'qna','2025-07-30 09:30:00','2025-07-30 09:30:00','VISIBLE'),(80,'휴대폰 배터리 오래 쓰는 법?','휴대폰 배터리 수명을 늘리는 관리 방법 알려주세요.',NULL,'eee',0,0,'qna','2025-07-30 09:40:00','2025-07-30 09:40:00','VISIBLE'),(81,'집에서 쉽게 만드는 디저트?','초보자도 쉽게 할 수 있는 집 디저트 레시피 추천 부탁해요.',NULL,'fff',0,0,'qna','2025-07-30 09:50:00','2025-07-30 09:50:00','VISIBLE'),(82,'효과적인 스트레스 해소법','일상 스트레스를 빨리 풀 수 있는 방법 알려주세요.',NULL,'ggg',0,0,'qna','2025-07-30 10:00:00','2025-07-30 10:00:00','VISIBLE'),(83,'아이들 공부 집중력 높이는 팁?','아이들이 공부할 때 도움이 되는 환경이나 습관 추천 부탁해요.',NULL,'hhh',0,0,'qna','2025-07-30 10:10:00','2025-07-30 10:10:00','VISIBLE'),(84,'건강한 간식 만들기 레시피','건강에 좋은 간단한 간식 만드는 방법 알려주세요.',NULL,'iii',0,0,'qna','2025-07-30 10:20:00','2025-07-30 10:20:00','VISIBLE'),(85,'여름철 피부 관리법?','더운 날씨에 맞는 피부 관리 팁 알려주세요.',NULL,'jjj',0,0,'qna','2025-07-30 10:30:00','2025-07-30 10:30:00','VISIBLE'),(86,'간단한 집 청소 팁','시간 없을 때 빠르게 집 청소하는 방법 추천 부탁해요.',NULL,'kkk',0,0,'qna','2025-07-30 10:40:00','2025-07-30 10:40:00','VISIBLE'),(87,'집에서 쉽게 키우는 반려식물?','초보자가 키우기 좋은 식물 추천해주세요.',NULL,'lll',0,0,'qna','2025-07-30 10:50:00','2025-07-30 10:50:00','VISIBLE'),(88,'효과 좋은 손목 스트레칭 방법','컴퓨터 작업 후 손목 피로를 줄이는 스트레칭 알려주세요.',NULL,'mmm',0,0,'qna','2025-07-30 11:00:00','2025-07-30 11:00:00','VISIBLE'),(89,'맛있는 집밥 메뉴 추천','간단하고 맛있는 저녁 집밥 메뉴 알려주세요.',NULL,'nnn',0,0,'qna','2025-07-30 11:10:00','2025-07-30 11:10:00','VISIBLE'),(90,'비 오는 날 할만한 실내 활동?','비 오는 날 집에서 할 수 있는 재미있는 활동 추천해 주세요.',NULL,'ooo',0,0,'qna','2025-07-30 11:20:00','2025-07-30 11:20:00','VISIBLE'),(91,'효과적인 다이어트 식단은?','건강하게 체중 감량할 수 있는 식단 추천 부탁해요.',NULL,'aaa',0,0,'qna','2025-07-31 09:00:00','2025-07-31 09:00:00','VISIBLE'),(92,'아이들과 할 수 있는 실내 놀이','아이들이 집에서 즐길 수 있는 놀이 추천해 주세요.',NULL,'bbb',0,0,'qna','2025-07-31 09:10:00','2025-07-31 09:10:00','VISIBLE'),(93,'집에서 쉽게 만드는 건강 음료?','비타민이 풍부한 건강 음료 간단한 레시피 알려주세요.',NULL,'ccc',0,0,'qna','2025-07-31 09:20:00','2025-07-31 09:20:00','VISIBLE'),(94,'장마철 습기 제거 방법','집 안 습기를 효과적으로 제거하는 팁 알려주세요.',NULL,'ddd',0,0,'qna','2025-07-31 09:30:00','2025-07-31 09:30:00','VISIBLE'),(95,'효과 좋은 숙면 팁','잠을 잘 자기 위한 좋은 습관이나 환경 추천해 주세요.',NULL,'eee',0,0,'qna','2025-07-31 09:40:00','2025-07-31 09:40:00','VISIBLE'),(96,'반려동물 털 관리 방법','강아지나 고양이 털 빠짐을 줄이는 관리법 알려주세요.',NULL,'fff',0,0,'qna','2025-07-31 09:50:00','2025-07-31 09:50:00','VISIBLE'),(97,'아침에 먹기 좋은 간단 요리','바쁜 아침에 쉽게 만들 수 있는 요리 추천 부탁해요.',NULL,'ggg',0,0,'qna','2025-07-31 10:00:00','2025-07-31 10:00:00','VISIBLE'),(98,'효과적인 스트레스 해소법','일상에서 스트레스를 빠르게 풀 수 있는 방법 알려주세요.',NULL,'hhh',0,0,'qna','2025-07-31 10:10:00','2025-07-31 10:10:00','VISIBLE'),(99,'간단한 집 청소 순서','시간 없을 때 빠르게 집 청소하는 팁 알려주세요.',NULL,'iii',0,0,'qna','2025-07-31 10:20:00','2025-07-31 10:20:00','VISIBLE'),(100,'겨울철 피부 관리법','추운 겨울철 피부를 건강하게 유지하는 방법 알려주세요.',NULL,'jjj',0,0,'qna','2025-07-31 10:30:00','2025-07-31 10:30:00','VISIBLE'),(101,'집에서 할 수 있는 간단 운동','운동 시간을 많이 내기 힘든데 집에서 할 수 있는 운동 추천해주세요.',NULL,'kkk',0,0,'qna','2025-07-31 10:40:00','2025-07-31 10:40:00','VISIBLE'),(102,'맛있는 집밥 반찬 추천','간단하게 만들 수 있는 집밥 반찬 추천 부탁해요.',NULL,'lll',0,0,'qna','2025-07-31 10:50:00','2025-07-31 10:50:00','VISIBLE'),(103,'효과 좋은 손목 스트레칭','컴퓨터 작업 후 손목 피로 줄이는 스트레칭 알려주세요.',NULL,'mmm',0,0,'qna','2025-07-31 11:00:00','2025-07-31 11:00:00','VISIBLE'),(104,'여름철 모기 퇴치법','자연스러운 모기 퇴치 방법 추천 부탁해요.',NULL,'nnn',0,0,'qna','2025-07-31 11:10:00','2025-07-31 11:10:00','VISIBLE'),(105,'간단한 저녁 메뉴 추천','요리 초보도 쉽게 만들 수 있는 저녁 메뉴 알려주세요.',NULL,'ooo',0,0,'qna','2025-07-31 11:20:00','2025-07-31 11:20:00','VISIBLE'),(106,'효과적인 다이어트 식단은?','건강하게 체중 감량할 수 있는 식단 추천 부탁해요.',NULL,'aaa',0,0,'qna','2025-07-31 09:00:00','2025-07-31 09:00:00','VISIBLE'),(107,'아이들과 할 수 있는 실내 놀이','아이들이 집에서 즐길 수 있는 놀이 추천해 주세요.',NULL,'bbb',0,0,'qna','2025-07-31 09:10:00','2025-07-31 09:10:00','VISIBLE'),(108,'집에서 쉽게 만드는 건강 음료?','비타민이 풍부한 건강 음료 간단한 레시피 알려주세요.',NULL,'ccc',0,0,'qna','2025-07-31 09:20:00','2025-07-31 09:20:00','VISIBLE'),(109,'장마철 습기 제거 방법','집 안 습기를 효과적으로 제거하는 팁 알려주세요.',NULL,'ddd',0,0,'qna','2025-07-31 09:30:00','2025-07-31 09:30:00','VISIBLE'),(110,'효과 좋은 숙면 팁','잠을 잘 자기 위한 좋은 습관이나 환경 추천해 주세요.',NULL,'eee',0,0,'qna','2025-07-31 09:40:00','2025-07-31 09:40:00','VISIBLE'),(111,'반려동물 털 관리 방법','강아지나 고양이 털 빠짐을 줄이는 관리법 알려주세요.',NULL,'fff',0,0,'qna','2025-07-31 09:50:00','2025-07-31 09:50:00','VISIBLE'),(112,'아침에 먹기 좋은 간단 요리','바쁜 아침에 쉽게 만들 수 있는 요리 추천 부탁해요.',NULL,'ggg',0,0,'qna','2025-07-31 10:00:00','2025-07-31 10:00:00','VISIBLE'),(113,'효과적인 스트레스 해소법','일상에서 스트레스를 빠르게 풀 수 있는 방법 알려주세요.',NULL,'hhh',0,0,'qna','2025-07-31 10:10:00','2025-07-31 10:10:00','VISIBLE'),(114,'간단한 집 청소 순서','시간 없을 때 빠르게 집 청소하는 팁 알려주세요.',NULL,'iii',0,0,'qna','2025-07-31 10:20:00','2025-07-31 10:20:00','VISIBLE'),(115,'겨울철 피부 관리법','추운 겨울철 피부를 건강하게 유지하는 방법 알려주세요.',NULL,'jjj',0,0,'qna','2025-07-31 10:30:00','2025-07-31 10:30:00','VISIBLE'),(116,'집에서 할 수 있는 간단 운동','운동 시간을 많이 내기 힘든데 집에서 할 수 있는 운동 추천해주세요.',NULL,'kkk',0,0,'qna','2025-07-31 10:40:00','2025-07-31 10:40:00','VISIBLE'),(117,'맛있는 집밥 반찬 추천','간단하게 만들 수 있는 집밥 반찬 추천 부탁해요.',NULL,'lll',0,0,'qna','2025-07-31 10:50:00','2025-07-31 10:50:00','VISIBLE'),(118,'효과 좋은 손목 스트레칭','컴퓨터 작업 후 손목 피로 줄이는 스트레칭 알려주세요.',NULL,'mmm',0,0,'qna','2025-07-31 11:00:00','2025-07-31 11:00:00','VISIBLE'),(119,'여름철 모기 퇴치법','자연스러운 모기 퇴치 방법 추천 부탁해요.',NULL,'nnn',0,0,'qna','2025-07-31 11:10:00','2025-07-31 11:10:00','VISIBLE'),(120,'간단한 저녁 메뉴 추천','요리 초보도 쉽게 만들 수 있는 저녁 메뉴 알려주세요.',NULL,'ooo',0,0,'qna','2025-07-31 11:20:00','2025-07-31 11:20:00','VISIBLE');
/*!40000 ALTER TABLE `board_qna` ENABLE KEYS */;
UNLOCK TABLES;

--
-- Table structure for table `board_qna_comments`
--

DROP TABLE IF EXISTS `board_qna_comments`;
/*!40101 SET @saved_cs_client     = @@character_set_client */;
/*!50503 SET character_set_client = utf8mb4 */;
CREATE TABLE `board_qna_comments` (
  `id` int NOT NULL AUTO_INCREMENT,
  `board_id` int NOT NULL,
  `parent_id` int DEFAULT NULL,
  `author` varchar(255) NOT NULL,
  `content` tinytext NOT NULL,
  `created_at` datetime DEFAULT CURRENT_TIMESTAMP,
  `status` enum('VISIBLE','DELETED','PRIVATE','BLOCKED') DEFAULT 'VISIBLE',
  PRIMARY KEY (`id`),
  KEY `board_qna_comments_ibfk_1_idx` (`board_id`),
  KEY `board_qna_comments_ibfk_2_idx` (`author`),
  CONSTRAINT `board_qna_comments_ibfk_1` FOREIGN KEY (`board_id`) REFERENCES `board_qna` (`id`) ON DELETE CASCADE,
  CONSTRAINT `board_qna_comments_ibfk_2` FOREIGN KEY (`author`) REFERENCES `user_auth` (`username`) ON DELETE CASCADE
) ENGINE=InnoDB AUTO_INCREMENT=153 DEFAULT CHARSET=utf8mb4 COLLATE=utf8mb4_0900_ai_ci;
/*!40101 SET character_set_client = @saved_cs_client */;

--
-- Dumping data for table `board_qna_comments`
--

LOCK TABLES `board_qna_comments` WRITE;
/*!40000 ALTER TABLE `board_qna_comments` DISABLE KEYS */;
INSERT INTO `board_qna_comments` VALUES (2,1,NULL,'bbb','저도 이 문제로 고민이 많았는데, 베이킹소다를 넣으면 효과가 좋더라고요!','2025-07-25 11:30:00','VISIBLE'),(3,1,NULL,'ccc','세탁기 청소 주기적으로 하는 것도 중요해요! 한번 해보세요.','2025-07-25 11:35:00','VISIBLE'),(4,1,NULL,'ddd','베이킹소다 얼마나 넣어야 할까요?','2025-07-25 12:00:00','VISIBLE'),(5,1,NULL,'aaa','저는 한 숟가락 정도 넣어요. 너무 많이 넣으면 오히려 뭉치더라고요.','2025-07-25 12:15:00','VISIBLE'),(6,1,NULL,'eee','세탁조 클리너도 좋아요. 냄새가 확실히 사라져요.','2025-07-25 12:20:00','VISIBLE'),(7,2,NULL,'fff','저는 알람을 여러 개 맞춰두고, 침대에서 최대한 멀리 둔 다음 일어나서 끄는 습관을 들였어요.','2025-07-25 12:15:00','VISIBLE'),(8,2,NULL,'ggg','자기 전 따뜻한 물로 샤워하고, 일찍 자는 게 제일 효과적이었어요.','2025-07-25 12:20:00','VISIBLE'),(9,2,NULL,'hhh','아침에 일어나자마자 햇빛을 쬐면 잠이 확 깨요!','2025-07-25 12:30:00','VISIBLE'),(10,3,NULL,'iii','가볍게 산책하는 게 정말 도움이 돼요. 이어폰으로 좋아하는 음악 들으면서요!','2025-07-25 13:00:00','VISIBLE'),(11,3,NULL,'jjj','매운 음식 먹는 것도 스트레스 해소에 좋아요!','2025-07-25 13:10:00','VISIBLE'),(12,4,NULL,'kkk','수분 크림을 꾸준히 발라주는 게 중요해요. 시원한 팩도 좋아요!','2025-07-25 13:10:00','VISIBLE'),(13,4,NULL,'lll','외출 시 선크림은 필수! 수시로 덧바르는 게 좋아요.','2025-07-25 13:20:00','VISIBLE'),(14,4,NULL,'mmm','알로에 젤을 냉장고에 넣어두고 사용하면 피부 진정에 효과적이에요.','2025-07-25 13:30:00','VISIBLE'),(15,5,NULL,'nnn','매일 10분씩 정해진 구역만 정리하는 습관을 들이면 좋아요.','2025-07-25 14:00:00','VISIBLE'),(16,6,NULL,'ooo','보조 배터리랑 멀티탭은 필수입니다! 혼자 가면 충전할 곳이 마땅치 않을 때가 많아요.','2025-07-25 14:30:00','VISIBLE'),(17,6,NULL,'ppp','작은 크로스백 하나 있으면 여권이나 귀중품 보관하기 편해요.','2025-07-25 14:40:00','VISIBLE'),(18,7,NULL,'qqq','유튜브에 홈트 영상 많아요! 저도 그거 보면서 따라해요.','2025-07-25 15:00:00','VISIBLE'),(19,7,NULL,'rrr','스쿼트나 런지는 맨몸으로도 충분히 효과 볼 수 있어요!','2025-07-25 15:10:00','VISIBLE'),(20,8,NULL,'sss','반려동물용 탈취제 뿌리는 것도 좋지만, 자주 환기시키는 게 제일 효과적인 것 같아요.','2025-07-25 15:30:00','VISIBLE'),(21,9,NULL,'ttt','망고플레이트나 다이닝코드가 리뷰가 많아서 참고하기 좋아요!','2025-07-25 16:00:00','VISIBLE'),(22,10,NULL,'uuu','따뜻한 물 자주 마시고, 비타민C 챙겨 먹는 게 최고예요.','2025-07-25 16:10:00','VISIBLE'),(23,11,NULL,'vvv','저는 백종원 레시피 자주 참고하는데, 실패가 거의 없어요. 김치볶음밥 추천이요!','2025-07-25 16:30:00','VISIBLE'),(24,11,NULL,'www','스팸마요덮밥도 초보자에게 딱이에요. 간단하고 맛있어요!','2025-07-25 16:40:00','VISIBLE'),(25,12,NULL,'xxx','향수나 예쁜 컵 세트도 좋은 것 같아요.','2025-07-25 16:40:00','VISIBLE'),(26,13,NULL,'yyy','집에서 할 수 있는 취미로는 그림 그리기나 필사도 재미있어요!','2025-07-25 17:00:00','VISIBLE'),(27,13,NULL,'zzz','요즘엔 온라인 클래스도 많아서, 뜨개질이나 베이킹 배우기 좋아요.','2025-07-25 17:10:00','VISIBLE'),(28,13,NULL,'aaa','맞아요! 저는 캘리그라피 클래스 들었는데 정말 좋았어요.','2025-07-25 17:20:00','VISIBLE'),(29,14,NULL,'bbb','7시 반에서 9시가 제일 붐비는 시간대인 것 같아요.','2025-07-25 17:10:00','VISIBLE'),(30,15,NULL,'ccc','물 주기는 화분 흙이 마른 것을 확인하고 주는 게 가장 중요해요!','2025-07-25 17:30:00','VISIBLE'),(31,15,NULL,'ddd','그럼 물은 얼마나 자주 줘야 하나요?','2025-07-25 17:50:00','VISIBLE'),(32,15,NULL,'eee','식물마다 달라서요. 물을 좋아하는 식물은 좀 더 자주 줘야 해요.','2025-07-25 18:00:00','VISIBLE'),(33,15,NULL,'fff','햇빛도 중요해요. 너무 강하지 않은 곳에 두는 게 좋아요.','2025-07-25 18:10:00','VISIBLE'),(34,16,NULL,'ggg','저는 창문에 은박 돗자리 붙여놨더니 효과 좋았어요!','2025-07-26 11:30:00','VISIBLE'),(35,16,NULL,'hhh','에어컨이랑 선풍기를 같이 틀면 시원함이 배가 돼요.','2025-07-26 11:40:00','VISIBLE'),(36,17,NULL,'iii','자기 전에 스마트폰 멀리하고 따뜻한 우유 한 잔 마시는 게 좋아요.','2025-07-26 11:40:00','VISIBLE'),(37,17,NULL,'jjj','암막 커튼을 설치하면 숙면에 도움이 돼요.','2025-07-26 11:50:00','VISIBLE'),(38,18,NULL,'kkk','위에서 아래로, 안쪽에서 바깥쪽으로 하는 게 좋다고 들었어요.','2025-07-26 12:00:00','VISIBLE'),(39,19,NULL,'lll','저는 주로 샐러드나 샌드위치를 만들어서 먹어요.','2025-07-26 12:10:00','VISIBLE'),(40,20,NULL,'mmm','주방 세제를 기름때 위에 뿌리고 살살 문지른 다음 세탁하면 잘 지워져요!','2025-07-26 12:30:00','VISIBLE'),(41,20,NULL,'nnn','전 땀에 젖은 옷은 베이킹소다를 뿌려 세탁하니 냄새가 싹 사라졌어요.','2025-07-26 12:40:00','VISIBLE'),(42,21,NULL,'ooo','독서나 영화 감상도 좋고, 퍼즐 맞추기 같은 것도 시간 잘 가요.','2025-07-26 13:00:00','VISIBLE'),(43,21,NULL,'ppp','요즘엔 그림 그리기 앱도 잘 나와서 디지털 드로잉도 재미있어요.','2025-07-26 13:10:00','VISIBLE'),(44,22,NULL,'qqq','아이스 아메리카노에 바닐라 시럽 넣으면 간단하고 맛있어요!','2025-07-26 13:10:00','VISIBLE'),(45,23,NULL,'rrr','간식 주면서 꾸준히 교감하는 시간이 중요해요.','2025-07-26 13:30:00','VISIBLE'),(46,24,NULL,'sss','닭가슴살 샐러드와 고구마를 같이 먹으면 포만감도 있고 좋아요.','2025-07-26 14:00:00','VISIBLE'),(47,24,NULL,'ttt','저는 두부면으로 파스타 해 먹는데, 칼로리 낮고 맛있어요.','2025-07-26 14:10:00','VISIBLE'),(48,25,NULL,'uuu','락스 희석해서 뿌리면 잘 지워져요. 환기 필수!','2025-07-26 14:10:00','VISIBLE'),(49,25,NULL,'vvv','곰팡이 제거 스프레이도 시중에 많이 나와있으니 한번 사용해보세요.','2025-07-26 14:20:00','VISIBLE'),(50,26,NULL,'www','과일 꼬치나 샌드위치도 아이들이 좋아해요!','2025-07-26 14:30:00','VISIBLE'),(51,27,NULL,'xxx','옷은 돌돌 말아서 넣으면 공간 활용에 좋아요.','2025-07-26 14:40:00','VISIBLE'),(52,27,NULL,'yyy','짐은 작은 파우치에 나눠 담으면 찾기 쉬워요.','2025-07-26 14:50:00','VISIBLE'),(53,28,NULL,'zzz','관리사무소에 먼저 문의해보는 게 좋을 것 같아요.','2025-07-26 15:00:00','VISIBLE'),(54,28,NULL,'aaa','저도 비슷한 경험이 있는데, 쪽지로 정중하게 부탁하니 괜찮아졌어요.','2025-07-26 15:10:00','VISIBLE'),(55,29,NULL,'bbb','목과 어깨 스트레칭만으로도 몸이 많이 풀려요.','2025-07-26 15:10:00','VISIBLE'),(56,30,NULL,'ccc','샤워 후 물기가 마르기 전에 보습제를 바르면 흡수가 잘 돼요!','2025-07-26 15:30:00','VISIBLE'),(57,31,NULL,'ddd','포모도로 기법을 사용해 보세요. 25분 집중하고 5분 쉬는 거요!','2025-07-27 11:30:00','VISIBLE'),(58,31,NULL,'eee','저는 백색 소음을 틀어놓고 공부하면 집중이 잘 되더라고요.','2025-07-27 11:40:00','VISIBLE'),(59,31,NULL,'fff','오, 포모도로 기법 효과 좋아요! 저도 추천합니다.','2025-07-27 12:00:00','VISIBLE'),(60,32,NULL,'ggg','김치통에 담아서 보관하면 냄새도 안 배고 좋아요.','2025-07-27 11:40:00','VISIBLE'),(61,33,NULL,'hhh','가볍게 걷기 운동부터 시작해 보는 건 어떠세요?','2025-07-27 12:00:00','VISIBLE'),(62,33,NULL,'iii','단백질 섭취를 늘리고, 충분한 수면을 취하는 게 중요해요.','2025-07-27 12:10:00','VISIBLE'),(63,34,NULL,'jjj','저는 요거트에 견과류나 꿀 넣어서 먹어요.','2025-07-27 12:10:00','VISIBLE'),(64,35,NULL,'kkk','공기청정기는 방문을 닫고 사용하는 게 더 효과적이라고 해요.','2025-07-27 12:30:00','VISIBLE'),(65,36,NULL,'lll','고양이 낚시 장난감으로 자주 놀아주면 좋아해요.','2025-07-27 13:00:00','VISIBLE'),(66,37,NULL,'mmm','견과류나 방울토마토가 포만감도 있고 좋아요.','2025-07-27 13:10:00','VISIBLE'),(67,38,NULL,'nnn','유산소와 근력 운동을 병행하는 게 좋아요. 스쿼트랑 런지 추천이요!','2025-07-27 13:30:00','VISIBLE'),(68,38,NULL,'ooo','저는 매일 걷기 30분씩 하는데, 이것만으로도 효과 좋았어요!','2025-07-27 13:40:00','VISIBLE'),(69,38,NULL,'ppp','어떤 식으로 걸으세요? 빨리 걷기인가요?','2025-07-27 14:00:00','VISIBLE'),(70,38,NULL,'ooo','네, 빠르게 걷는 편이고요, 경사 있는 길도 걸으면 더 좋아요.','2025-07-27 14:10:00','VISIBLE'),(71,39,NULL,'qqq','계피를 끓인 물을 뿌리면 모기가 잘 안 온다고 해요.','2025-07-27 14:00:00','VISIBLE'),(72,39,NULL,'rrr','모기장이나 모기퇴치제는 필수죠.','2025-07-27 14:10:00','VISIBLE'),(73,40,NULL,'sss','아이들과 함께 놀이처럼 정리하는 시간을 가지면 좋아요.','2025-07-27 14:10:00','VISIBLE'),(74,41,NULL,'ttt','따뜻한 물로 족욕하는 거 추천해요!','2025-07-27 14:30:00','VISIBLE'),(75,42,NULL,'uuu','된장찌개나 김치찌개는 만능 레시피죠.','2025-07-27 14:40:00','VISIBLE'),(76,43,NULL,'vvv','샐러드 도시락이 가볍고 좋아요!','2025-07-27 15:00:00','VISIBLE'),(77,43,NULL,'www','김밥도 좋고, 유부초밥도 간단해서 자주 싸요.','2025-07-27 15:10:00','VISIBLE'),(78,44,NULL,'xxx','보드게임이나 같이 쿠키 만들기 같은 것도 재미있어요.','2025-07-27 15:10:00','VISIBLE'),(79,45,NULL,'yyy','물에 레몬이나 생강을 넣어서 마시면 좋아요.','2025-07-27 15:30:00','VISIBLE'),(80,46,NULL,'zzz','또띠아를 도우로 사용하면 정말 간단하게 만들 수 있어요!','2025-07-28 11:30:00','VISIBLE'),(81,47,NULL,'aaa','저는 따뜻한 허브차를 마시는데, 몸이 따뜻해지고 좋더라고요.','2025-07-28 11:40:00','VISIBLE'),(82,47,NULL,'bbb','곡물 라떼나 두유도 괜찮은 선택인 것 같아요.','2025-07-28 11:50:00','VISIBLE'),(83,48,NULL,'ccc','먹다 남은 소주나 맥주를 냉장고 구석에 놓으면 냄새가 사라져요!','2025-07-28 12:00:00','VISIBLE'),(84,48,NULL,'ddd','베이킹소다를 작은 컵에 담아 놓는 것도 효과적이에요.','2025-07-28 12:10:00','VISIBLE'),(85,49,NULL,'eee','서울숲이나 남산공원도 가볍게 산책하기 좋아요.','2025-07-28 12:10:00','VISIBLE'),(86,50,NULL,'fff','스투키나 선인장은 물을 자주 안 줘도 돼서 키우기 편해요.','2025-07-28 12:30:00','VISIBLE'),(87,51,NULL,'ggg','네일 영양제 꾸준히 발라주면 좋아요!','2025-07-28 13:00:00','VISIBLE'),(88,52,NULL,'hhh','포스터나 액자를 활용하면 분위기가 확 바뀌어요.','2025-07-28 13:10:00','VISIBLE'),(89,53,NULL,'iii','저는 홍삼이나 비타민 먹으면 효과 좋더라고요.','2025-07-28 13:30:00','VISIBLE'),(90,54,NULL,'jjj','공부하는 동안은 스마트폰을 멀리 두는 게 필수인 것 같아요.','2025-07-28 14:00:00','VISIBLE'),(91,54,NULL,'kkk','조용한 환경을 만들어주고, 공부 시간과 쉬는 시간을 규칙적으로 정해주는 게 도움이 돼요.','2025-07-28 14:10:00','VISIBLE'),(92,55,NULL,'lll','수납 선반을 활용해서 공간을 효율적으로 사용하면 좋아요.','2025-07-28 14:10:00','VISIBLE'),(93,56,NULL,'mmm','따뜻한 물로 샤워하거나 마사지해 주면 효과적이에요.','2025-07-28 14:30:00','VISIBLE'),(94,57,NULL,'nnn','계란말이나 두부조림도 간단하고 맛있어요!','2025-07-28 14:40:00','VISIBLE'),(95,58,NULL,'ooo','바나나랑 우유, 꿀을 섞어 만들면 든든하고 맛있어요.','2025-07-28 15:00:00','VISIBLE'),(96,59,NULL,'ppp','집에서 영화 보거나 보드게임 하는 것도 좋죠.','2025-07-28 15:10:00','VISIBLE'),(97,60,NULL,'qqq','가습기를 사용하거나 보습 크림을 자주 발라주면 좋아요.','2025-07-28 15:30:00','VISIBLE'),(98,61,NULL,'rrr','구글 캘린더나 트렐로 같은 앱으로 일정을 관리하는 게 편해요.','2025-07-29 11:30:00','VISIBLE'),(99,62,NULL,'sss','로즈마리나 바질이 키우기 쉽고 요리에 활용하기도 좋아요.','2025-07-29 11:40:00','VISIBLE'),(100,63,NULL,'ttt','수분 섭취를 자주 하고, 외출 시에는 양산이나 모자 쓰는 게 좋아요.','2025-07-29 12:00:00','VISIBLE'),(101,64,NULL,'uuu','과일에 요거트 뿌려 먹는 것도 간단한 디저트죠!','2025-07-29 12:10:00','VISIBLE'),(102,65,NULL,'vvv','공부할 때 핸드폰은 멀리 두는 게 집중력에 도움이 돼요.','2025-07-29 12:30:00','VISIBLE'),(103,66,NULL,'www','목욕 후에는 털을 완전히 말려줘야 피부병을 예방할 수 있어요.','2025-07-29 13:00:00','VISIBLE'),(104,67,NULL,'xxx','오트밀에 과일이나 견과류 넣어서 먹으면 든든해요.','2025-07-29 13:10:00','VISIBLE'),(105,68,NULL,'yyy','가볍게 뛰거나, 관절 부위를 돌려주는 스트레칭이 좋아요.','2025-07-29 13:30:00','VISIBLE'),(106,69,NULL,'zzz','조용한 곳에서 편안하게 앉아 호흡에 집중해 보세요.','2025-07-29 14:00:00','VISIBLE'),(107,70,NULL,'aaa','습기 제거제를 옷장 안에 넣어두는 게 필수예요.','2025-07-29 14:10:00','VISIBLE'),(108,71,NULL,'bbb','주먹밥이나 쿠키 만들기도 아이들이 좋아해요.','2025-07-29 14:30:00','VISIBLE'),(109,72,NULL,'ccc','운전 중이 아닐 때 좋아하는 음악 크게 틀어놓고 창문 보면서 드라이브하는 거 좋아요!','2025-07-29 14:40:00','VISIBLE'),(110,73,NULL,'ddd','손목을 돌려주거나 손가락을 깍지 끼고 쭉 펴는 스트레칭이 효과적이에요.','2025-07-29 15:00:00','VISIBLE'),(111,74,NULL,'eee','핸드워시나 디퓨저도 부담 없이 좋은 것 같아요.','2025-07-29 15:10:00','VISIBLE'),(112,75,NULL,'fff','커피 찌꺼기를 말려서 태우면 모기가 싫어하는 냄새가 나요!','2025-07-29 15:30:00','VISIBLE'),(113,76,NULL,'ggg','저는 가볍게 스트레칭하고 30분 걷기 운동을 해요.','2025-07-30 11:30:00','VISIBLE'),(114,77,NULL,'hhh','닭가슴살 샐러드에 발사믹 드레싱 뿌리면 정말 맛있어요.','2025-07-30 11:40:00','VISIBLE'),(115,78,NULL,'iii','신문지를 돌돌 말아 옷장 구석에 넣어두면 습기를 잡아줘요.','2025-07-30 12:00:00','VISIBLE'),(116,79,NULL,'jjj','뜨개질이나 색칠 공부 같은 것도 혼자 하기 좋아요.','2025-07-30 12:10:00','VISIBLE'),(117,80,NULL,'kkk','화면 밝기를 낮추고, 백그라운드 앱을 정리하면 좋아요.','2025-07-30 12:30:00','VISIBLE'),(118,81,NULL,'lll','핫케이크 믹스로 와플 만들면 뚝딱이에요!','2025-07-30 13:00:00','VISIBLE'),(119,82,NULL,'mmm','매운 음식 먹는 것도 스트레스 해소에 좋아요!','2025-07-30 13:10:00','VISIBLE'),(120,83,NULL,'nnn','공부할 때는 조용한 환경을 만들어주는 게 제일 중요해요.','2025-07-30 13:30:00','VISIBLE'),(121,84,NULL,'ooo','고구마를 쪄서 먹으면 든든하고 맛있어요.','2025-07-30 14:00:00','VISIBLE'),(122,85,NULL,'ppp','외출 시 선크림은 꼭 바르고, 마스크 팩으로 진정시켜주세요.','2025-07-30 14:10:00','VISIBLE'),(123,86,NULL,'qqq','청소할 곳을 정해두고 타이머 맞춰서 하면 좋아요.','2025-07-30 14:30:00','VISIBLE'),(124,87,NULL,'rrr','테이블야자가 키우기 쉽고 인테리어 효과도 좋아요.','2025-07-30 14:40:00','VISIBLE'),(125,88,NULL,'sss','손목 돌리기, 손가락 깍지 끼고 쭉 펴기 등이 좋아요.','2025-07-30 15:00:00','VISIBLE'),(126,89,NULL,'ttt','제육볶음이나 김치찌개는 언제 먹어도 맛있어요!','2025-07-30 15:10:00','VISIBLE'),(127,90,NULL,'uuu','책 읽으면서 따뜻한 차 한 잔 마시면 운치 있고 좋아요.','2025-07-30 15:30:00','VISIBLE'),(128,91,NULL,'vvv','단백질 위주로 식단을 구성하고, 채소를 많이 먹는 게 중요해요.','2025-07-31 11:30:00','VISIBLE'),(129,92,NULL,'www','숨바꼭질이나 그림 그리기 놀이도 좋아요.','2025-07-31 11:40:00','VISIBLE'),(130,93,NULL,'xxx','수박이랑 토마토 갈아 마시면 건강하고 시원해요!','2025-07-31 12:00:00','VISIBLE'),(131,94,NULL,'yyy','제습기를 사용하는 게 제일 확실해요.','2025-07-31 12:10:00','VISIBLE'),(132,95,NULL,'zzz','자기 전 따뜻한 물로 샤워하고, 라벤더 향을 맡으면 좋아요.','2025-07-31 12:30:00','VISIBLE'),(133,96,NULL,'aaa','정기적으로 빗질해주면 털 빠짐을 줄일 수 있어요.','2025-07-31 13:00:00','VISIBLE'),(134,97,NULL,'bbb','계란 프라이나 볶음밥도 간단하고 좋아요.','2025-07-31 13:10:00','VISIBLE'),(135,98,NULL,'ccc','가볍게 운동하거나 산책하는 것도 좋은 방법이에요.','2025-07-31 13:30:00','VISIBLE'),(136,99,NULL,'ddd','먼지 제거 후 물걸레 청소하는 게 제일 효율적이죠.','2025-07-31 14:00:00','VISIBLE'),(137,100,NULL,'eee','히터 사용을 줄이고 가습기를 틀어주면 좋아요.','2025-07-31 14:10:00','VISIBLE'),(138,101,NULL,'fff','플랭크나 스쿼트가 전신 운동에 좋아요!','2025-07-31 14:30:00','VISIBLE'),(139,102,NULL,'ggg','멸치볶음이나 어묵볶음은 밑반찬으로 최고예요.','2025-07-31 14:40:00','VISIBLE'),(140,103,NULL,'hhh','손목을 천천히 돌려주는 스트레칭이 효과적이에요.','2025-07-31 15:00:00','VISIBLE'),(141,104,NULL,'iii','창문에 모기장 설치하는 것도 좋아요.','2025-07-31 15:10:00','VISIBLE'),(142,105,NULL,'jjj','잔치국수나 비빔밥도 간단하면서 든든해요.','2025-07-31 15:30:00','VISIBLE'),(143,106,NULL,'kkk','바나나랑 시금치를 넣고 갈면 건강하고 맛있는 스무디가 돼요!','2025-08-01 11:30:00','VISIBLE'),(144,106,NULL,'lll','블루베리랑 요거트 넣어도 맛있어요!','2025-08-01 11:40:00','VISIBLE'),(145,107,NULL,'mmm','기지개 켜고, 목부터 천천히 돌려주는 게 좋아요.','2025-08-01 11:40:00','VISIBLE'),(146,108,NULL,'nnn','핸드크림을 자주 바르고, 자기 전에는 듬뿍 발라주면 좋아요.','2025-08-01 12:00:00','VISIBLE'),(147,109,NULL,'ooo','저는 플래너에 매일 할 일을 적어두고 체크하는 습관을 들였어요.','2025-08-01 12:10:00','VISIBLE'),(148,110,NULL,'ppp','따뜻한 물 한 잔이 제일 좋다고 들었어요.','2025-08-01 12:30:00','VISIBLE'),(149,111,NULL,'qqq','귀에 물이 들어가지 않도록 조심하는 게 중요해요.','2025-08-01 13:00:00','VISIBLE'),(150,112,NULL,'rrr','물티슈를 활용하면 먼지 닦을 때 정말 편해요.','2025-08-01 13:10:00','VISIBLE'),(151,113,NULL,'sss','영화 보면서 팝콘 먹는 게 저만의 스트레스 해소법이에요.','2025-08-01 13:30:00','VISIBLE'),(152,114,NULL,'ttt','몬스테라나 스킨답서스도 키우기 쉬워요!','2025-08-01 14:00:00','VISIBLE');
/*!40000 ALTER TABLE `board_qna_comments` ENABLE KEYS */;
UNLOCK TABLES;

--
-- Table structure for table `board_qna_recommend`
--

DROP TABLE IF EXISTS `board_qna_recommend`;
/*!40101 SET @saved_cs_client     = @@character_set_client */;
/*!50503 SET character_set_client = utf8mb4 */;
CREATE TABLE `board_qna_recommend` (
  `id` int NOT NULL AUTO_INCREMENT,
  `board_id` int DEFAULT NULL,
  `username` varchar(255) DEFAULT NULL,
  `is_active` bit(1) DEFAULT b'1',
  `created_at` datetime DEFAULT CURRENT_TIMESTAMP,
  `updated_at` datetime DEFAULT CURRENT_TIMESTAMP,
  PRIMARY KEY (`id`),
  UNIQUE KEY `uq_board_user` (`board_id`,`username`),
  KEY `board_qna_recommend_ibfk_1_idx` (`board_id`),
  KEY `board_qna_recommend_ibfk_2_idx` (`username`),
  CONSTRAINT `board_qna_recommend_ibfk_1` FOREIGN KEY (`board_id`) REFERENCES `board_qna` (`id`) ON DELETE CASCADE,
  CONSTRAINT `board_qna_recommend_ibfk_2` FOREIGN KEY (`username`) REFERENCES `user_auth` (`username`) ON DELETE CASCADE
) ENGINE=InnoDB AUTO_INCREMENT=41 DEFAULT CHARSET=utf8mb4 COLLATE=utf8mb4_0900_ai_ci;
/*!40101 SET character_set_client = @saved_cs_client */;

--
-- Dumping data for table `board_qna_recommend`
--

LOCK TABLES `board_qna_recommend` WRITE;
/*!40000 ALTER TABLE `board_qna_recommend` DISABLE KEYS */;
INSERT INTO `board_qna_recommend` VALUES (1,38,'aaa',_binary '','2025-07-27 14:15:00','2025-07-27 14:15:00'),(2,38,'bbb',_binary '','2025-07-27 14:16:00','2025-07-27 14:16:00'),(3,38,'ccc',_binary '','2025-07-27 14:17:00','2025-07-27 14:17:00'),(4,38,'ddd',_binary '','2025-07-27 14:18:00','2025-07-27 14:18:00'),(5,38,'eee',_binary '','2025-07-27 14:19:00','2025-07-27 14:19:00'),(6,38,'fff',_binary '','2025-07-27 14:20:00','2025-07-27 14:20:00'),(7,38,'ggg',_binary '','2025-07-27 14:21:00','2025-07-27 14:21:00'),(8,38,'hhh',_binary '','2025-07-27 14:22:00','2025-07-27 14:22:00'),(9,38,'iii',_binary '','2025-07-27 14:23:00','2025-07-27 14:23:00'),(10,38,'jjj',_binary '','2025-07-27 14:24:00','2025-07-27 14:24:00'),(11,38,'kkk',_binary '','2025-07-27 14:25:00','2025-07-27 14:25:00'),(12,38,'lll',_binary '','2025-07-27 14:26:00','2025-07-27 14:26:00'),(13,31,'mmm',_binary '','2025-07-27 12:05:00','2025-07-27 12:05:00'),(14,31,'nnn',_binary '','2025-07-27 12:06:00','2025-07-27 12:06:00'),(15,31,'ooo',_binary '','2025-07-27 12:07:00','2025-07-27 12:07:00'),(16,31,'ppp',_binary '','2025-07-27 12:08:00','2025-07-27 12:08:00'),(17,31,'qqq',_binary '','2025-07-27 12:09:00','2025-07-27 12:09:00'),(18,20,'rrr',_binary '','2025-07-26 12:45:00','2025-07-26 12:45:00'),(19,20,'sss',_binary '','2025-07-26 12:46:00','2025-07-26 12:46:00'),(20,20,'ttt',_binary '','2025-07-26 12:47:00','2025-07-26 12:47:00'),(21,21,'uuu',_binary '','2025-07-26 13:15:00','2025-07-26 13:15:00'),(22,21,'vvv',_binary '','2025-07-26 13:16:00','2025-07-26 13:16:00'),(23,21,'www',_binary '','2025-07-26 13:17:00','2025-07-26 13:17:00'),(24,47,'xxx',_binary '','2025-07-28 11:55:00','2025-07-28 11:55:00'),(25,47,'yyy',_binary '','2025-07-28 11:56:00','2025-07-28 11:56:00'),(26,106,'zzz',_binary '','2025-08-01 11:45:00','2025-08-01 11:45:00'),(27,106,'aaa',_binary '','2025-08-01 11:46:00','2025-08-01 11:46:00'),(28,22,'bbb',_binary '','2025-07-26 13:15:00','2025-07-26 13:15:00'),(29,23,'ccc',_binary '','2025-07-26 13:35:00','2025-07-26 13:35:00'),(30,26,'ddd',_binary '','2025-07-26 14:35:00','2025-07-26 14:35:00'),(31,26,'eee',_binary '','2025-07-26 14:36:00','2025-07-26 14:36:00'),(32,29,'fff',_binary '','2025-07-26 15:15:00','2025-07-26 15:15:00'),(33,30,'ggg',_binary '','2025-07-26 15:35:00','2025-07-26 15:35:00'),(34,32,'hhh',_binary '','2025-07-27 11:45:00','2025-07-27 11:45:00'),(35,32,'iii',_binary '','2025-07-27 11:46:00','2025-07-27 11:46:00'),(36,34,'jjj',_binary '','2025-07-27 12:15:00','2025-07-27 12:15:00'),(37,35,'kkk',_binary '','2025-07-27 12:35:00','2025-07-27 12:35:00'),(38,36,'lll',_binary '','2025-07-27 13:05:00','2025-07-27 13:05:00'),(39,36,'mmm',_binary '','2025-07-27 13:06:00','2025-07-27 13:06:00'),(40,37,'nnn',_binary '','2025-07-27 13:15:00','2025-07-27 13:15:00');
/*!40000 ALTER TABLE `board_qna_recommend` ENABLE KEYS */;
UNLOCK TABLES;

--
-- Table structure for table `board_used`
--

DROP TABLE IF EXISTS `board_used`;
/*!40101 SET @saved_cs_client     = @@character_set_client */;
/*!50503 SET character_set_client = utf8mb4 */;
CREATE TABLE `board_used` (
  `id` int NOT NULL AUTO_INCREMENT,
  `title` varchar(255) NOT NULL,
  `body` tinytext NOT NULL,
  `imgsrc` varchar(255) DEFAULT NULL,
  `price` int NOT NULL,
  `author` varchar(255) NOT NULL,
  `recommend` int DEFAULT '0',
  `views` int DEFAULT '0',
  `category` varchar(30) DEFAULT 'used',
  `created_at` datetime DEFAULT CURRENT_TIMESTAMP,
  `updated_at` datetime DEFAULT CURRENT_TIMESTAMP ON UPDATE CURRENT_TIMESTAMP,
  `status` enum('VISIBLE','DELETED','PRIVATE','BLOCKED') DEFAULT 'VISIBLE',
  PRIMARY KEY (`id`),
  KEY `board_used_ibfk_1_idx` (`author`),
  CONSTRAINT `board_used_ibfk_1` FOREIGN KEY (`author`) REFERENCES `user_auth` (`username`) ON DELETE CASCADE
) ENGINE=InnoDB AUTO_INCREMENT=81 DEFAULT CHARSET=utf8mb4 COLLATE=utf8mb4_0900_ai_ci;
/*!40101 SET character_set_client = @saved_cs_client */;

--
-- Dumping data for table `board_used`
--

LOCK TABLES `board_used` WRITE;
/*!40000 ALTER TABLE `board_used` DISABLE KEYS */;
INSERT INTO `board_used` VALUES (1,'중고 노트북 판매합니다','i5 8세대, 8GB RAM, SSD 256GB 상태 양호합니다.',NULL,350000,'aaa',0,0,'used','2025-07-25 09:00:00','2025-07-25 09:00:00','VISIBLE'),(2,'아이패드 6세대 팝니다','약간 사용감 있지만 작동 문제 없어요. 충전기 포함.',NULL,220000,'bbb',0,0,'used','2025-07-25 09:30:00','2025-07-25 09:30:00','VISIBLE'),(3,'책상 나눔합니다','크기 120x60cm, 상태 괜찮아요. 직접 가져가실 분.',NULL,0,'ccc',0,0,'used','2025-07-25 10:00:00','2025-07-25 10:00:00','VISIBLE'),(4,'중고 자전거 판매','하이브리드 자전거, 변속기 잘 작동, 타이어 새것.',NULL,150000,'ddd',0,0,'used','2025-07-25 10:30:00','2025-07-25 10:30:00','VISIBLE'),(5,'에어팟 프로 팝니다','1년 사용, 배터리 상태 좋음, 박스 포함.',NULL,180000,'eee',0,0,'used','2025-07-25 11:00:00','2025-07-25 11:00:00','VISIBLE'),(6,'책장 필요하신 분?','높이 180cm, 폭 60cm, 상태 좋은 책장 나눔합니다.',NULL,0,'fff',0,0,'used','2025-07-25 11:30:00','2025-07-25 11:30:00','VISIBLE'),(7,'중고 스마트폰 갤럭시 S10','화면 깨짐 없고 배터리 교체 완료 상태 양호.',NULL,280000,'ggg',0,0,'used','2025-07-25 12:00:00','2025-07-25 12:00:00','VISIBLE'),(8,'책 다이어리 세트 팝니다','2023년용 다이어리와 노트 세트, 거의 새것.',NULL,10000,'hhh',0,0,'used','2025-07-25 12:30:00','2025-07-25 12:30:00','VISIBLE'),(9,'가죽 재킷 판매합니다','M 사이즈, 겨울용, 한 시즌 착용, 상태 깨끗.',NULL,120000,'iii',0,0,'used','2025-07-25 13:00:00','2025-07-25 13:00:00','VISIBLE'),(10,'캠핑 의자 나눔','접이식, 사용감 있으나 튼튼함, 무료로 드립니다.',NULL,0,'jjj',0,0,'used','2025-07-25 13:30:00','2025-07-25 13:30:00','VISIBLE'),(11,'중고 DSLR 카메라 팝니다','캐논 EOS 80D, 렌즈 포함, 상태 매우 좋음.',NULL,550000,'kkk',0,0,'used','2025-07-26 09:00:00','2025-07-26 09:00:00','VISIBLE'),(12,'책상 의자 세트 판매','컴퓨터용 의자 포함, 둘 다 깨끗함.',NULL,90000,'lll',0,0,'used','2025-07-26 09:30:00','2025-07-26 09:30:00','VISIBLE'),(13,'중고 전기밥솥','3인용, 작동 잘 됨, 깨끗하게 사용함.',NULL,40000,'mmm',0,0,'used','2025-07-26 10:00:00','2025-07-26 10:00:00','VISIBLE'),(14,'중고 TV 42인치','화면 깨끗, 리모컨 포함.',NULL,120000,'nnn',0,0,'used','2025-07-26 10:30:00','2025-07-26 10:30:00','VISIBLE'),(15,'중고 전자책 리더기','킨들 페이퍼화이트, 배터리 상태 양호.',NULL,85000,'ooo',0,0,'used','2025-07-26 11:00:00','2025-07-26 11:00:00','VISIBLE'),(16,'의류 나눔합니다','남성용 자켓, 한 벌 무료로 드립니다.',NULL,0,'aaa',0,0,'used','2025-07-26 11:30:00','2025-07-26 11:30:00','VISIBLE'),(17,'중고 게임 콘솔 판매','닌텐도 스위치, 기본 세트, 상태 좋음.',NULL,300000,'bbb',0,0,'used','2025-07-26 12:00:00','2025-07-26 12:00:00','VISIBLE'),(18,'책장 판매합니다','튼튼한 책장, 5단, 직접 가져가셔야 합니다.',NULL,40000,'ccc',0,0,'used','2025-07-26 12:30:00','2025-07-26 12:30:00','VISIBLE'),(19,'스마트워치 중고 판매','애플워치 시리즈3, 상태 양호.',NULL,130000,'ddd',0,0,'used','2025-07-26 13:00:00','2025-07-26 13:00:00','VISIBLE'),(20,'중고 전기 자전거 팝니다','충전 잘 되고 배터리 상태 좋음.',NULL,700000,'eee',0,0,'used','2025-07-26 13:30:00','2025-07-26 13:30:00','VISIBLE'),(21,'중고 전기 주전자','1.7L 용량, 작동 잘 됨, 깨끗함.',NULL,15000,'fff',0,0,'used','2025-07-27 09:00:00','2025-07-27 09:00:00','VISIBLE'),(22,'책 30권 묶음 판매','소설, 에세이 포함, 상태 좋음.',NULL,30000,'ggg',0,0,'used','2025-07-27 09:30:00','2025-07-27 09:30:00','VISIBLE'),(23,'중고 냉장고 판매','용량 250L, 작동 문제 없음.',NULL,200000,'hhh',0,0,'used','2025-07-27 10:00:00','2025-07-27 10:00:00','VISIBLE'),(24,'나눔 의자 있어요','사무용 의자 1개 무료로 드립니다.',NULL,0,'iii',0,0,'used','2025-07-27 10:30:00','2025-07-27 10:30:00','VISIBLE'),(25,'중고 블루투스 스피커','작동 잘 되고 배터리 오래 감.',NULL,35000,'jjj',0,0,'used','2025-07-27 11:00:00','2025-07-27 11:00:00','VISIBLE'),(26,'중고 전동 킥보드 팝니다','배터리 상태 양호, 충전기 포함.',NULL,450000,'kkk',0,0,'used','2025-07-27 11:30:00','2025-07-27 11:30:00','VISIBLE'),(27,'여성용 가방 나눔합니다','사용감 있지만 아직 쓸만함.',NULL,0,'lll',0,0,'used','2025-07-27 12:00:00','2025-07-27 12:00:00','VISIBLE'),(28,'중고 키보드 판매','기계식 키보드, 청축, 상태 좋음.',NULL,70000,'mmm',0,0,'used','2025-07-27 12:30:00','2025-07-27 12:30:00','VISIBLE'),(29,'중고 DSLR 렌즈','캐논 50mm f1.8, 깨끗함.',NULL,120000,'nnn',0,0,'used','2025-07-27 13:00:00','2025-07-27 13:00:00','VISIBLE'),(30,'중고 서랍장 팝니다','3단 서랍장, 상태 양호.',NULL,45000,'ooo',0,0,'used','2025-07-27 13:30:00','2025-07-27 13:30:00','VISIBLE'),(31,'중고 전자레인지 팝니다','700W, 작동 문제 없음.',NULL,50000,'aaa',0,0,'used','2025-07-28 09:00:00','2025-07-28 09:00:00','VISIBLE'),(32,'책 20권 묶음 판매','소설, 교양서 포함, 상태 괜찮음.',NULL,20000,'bbb',0,0,'used','2025-07-28 09:30:00','2025-07-28 09:30:00','VISIBLE'),(33,'중고 무선 이어폰','배터리 상태 양호, 케이스 포함.',NULL,60000,'ccc',0,0,'used','2025-07-28 10:00:00','2025-07-28 10:00:00','VISIBLE'),(34,'나눔 책상 있어요','작은 책상 무료로 드립니다.',NULL,0,'ddd',0,0,'used','2025-07-28 10:30:00','2025-07-28 10:30:00','VISIBLE'),(35,'중고 헤드폰 판매','음질 좋고 상태 괜찮음.',NULL,40000,'eee',0,0,'used','2025-07-28 11:00:00','2025-07-28 11:00:00','VISIBLE'),(36,'중고 책장 팝니다','튼튼한 4단 책장, 직접 가져가셔야 합니다.',NULL,50000,'fff',0,0,'used','2025-07-28 11:30:00','2025-07-28 11:30:00','VISIBLE'),(37,'중고 자전거 판매','도시형 자전거, 상태 양호.',NULL,180000,'ggg',0,0,'used','2025-07-28 12:00:00','2025-07-28 12:00:00','VISIBLE'),(38,'나눔 옷장 있습니다','2단 옷장 무료로 드립니다.',NULL,0,'hhh',0,0,'used','2025-07-28 12:30:00','2025-07-28 12:30:00','VISIBLE'),(39,'중고 노트북 팝니다','i7 7세대, 16GB RAM, SSD 512GB.',NULL,450000,'iii',0,0,'used','2025-07-28 13:00:00','2025-07-28 13:00:00','VISIBLE'),(40,'중고 전기 자전거 판매','배터리 상태 좋고 충전기 포함.',NULL,680000,'jjj',0,0,'used','2025-07-28 13:30:00','2025-07-28 13:30:00','VISIBLE'),(41,'중고 스마트폰 갤럭시 S20','상태 매우 좋고 박스 포함.',NULL,350000,'kkk',0,0,'used','2025-07-29 09:00:00','2025-07-29 09:00:00','VISIBLE'),(42,'책 15권 묶음 판매','자기계발서 중심, 상태 양호.',NULL,15000,'lll',0,0,'used','2025-07-29 09:30:00','2025-07-29 09:30:00','VISIBLE'),(43,'중고 전기밥솥','5인용, 작동 문제 없음.',NULL,45000,'mmm',0,0,'used','2025-07-29 10:00:00','2025-07-29 10:00:00','VISIBLE'),(44,'나눔 캠핑용 의자','접이식 캠핑 의자 무료 나눔.',NULL,0,'nnn',0,0,'used','2025-07-29 10:30:00','2025-07-29 10:30:00','VISIBLE'),(45,'중고 블루투스 스피커','배터리 오래 가고 음질 좋음.',NULL,40000,'ooo',0,0,'used','2025-07-29 11:00:00','2025-07-29 11:00:00','VISIBLE'),(46,'중고 게임 콘솔 판매','플레이스테이션 4, 정상 작동.',NULL,250000,'aaa',0,0,'used','2025-07-29 11:30:00','2025-07-29 11:30:00','VISIBLE'),(47,'책상 나눔합니다','작은 책상, 상태 양호, 직접 수령.',NULL,0,'bbb',0,0,'used','2025-07-29 12:00:00','2025-07-29 12:00:00','VISIBLE'),(48,'중고 키보드 판매','기계식 청축 키보드, 상태 좋음.',NULL,65000,'ccc',0,0,'used','2025-07-29 12:30:00','2025-07-29 12:30:00','VISIBLE'),(49,'중고 가죽 자켓 팝니다','M 사이즈, 겨울용, 상태 깨끗.',NULL,120000,'ddd',0,0,'used','2025-07-29 13:00:00','2025-07-29 13:00:00','VISIBLE'),(50,'캠핑용 텐트 나눔','2인용 텐트 무료로 드립니다.',NULL,0,'eee',0,0,'used','2025-07-29 13:30:00','2025-07-29 13:30:00','VISIBLE'),(51,'중고 DSLR 카메라 팝니다','캐논 EOS 70D, 렌즈 포함, 상태 매우 양호합니다.',NULL,520000,'fff',0,0,'used','2025-07-30 09:00:00','2025-07-30 09:00:00','VISIBLE'),(52,'중고 전자레인지','700W, 작동 이상 없음, 청결하게 사용했습니다.',NULL,48000,'ggg',0,0,'used','2025-07-30 09:30:00','2025-07-30 09:30:00','VISIBLE'),(53,'책 25권 묶음 팝니다','다양한 장르 포함, 상태 양호합니다.',NULL,28000,'hhh',0,0,'used','2025-07-30 10:00:00','2025-07-30 10:00:00','VISIBLE'),(54,'중고 전기 자전거','배터리 상태 매우 좋음, 충전기 포함.',NULL,710000,'iii',0,0,'used','2025-07-30 10:30:00','2025-07-30 10:30:00','VISIBLE'),(55,'나눔 의자','사무용 의자 1개 무료로 드립니다.',NULL,0,'jjj',0,0,'used','2025-07-30 11:00:00','2025-07-30 11:00:00','VISIBLE'),(56,'중고 스마트폰 갤럭시 S9','상태 깨끗, 충전기 포함.',NULL,280000,'kkk',0,0,'used','2025-07-30 11:30:00','2025-07-30 11:30:00','VISIBLE'),(57,'중고 책장','튼튼한 4단 책장, 직접 가져가셔야 합니다.',NULL,45000,'lll',0,0,'used','2025-07-30 12:00:00','2025-07-30 12:00:00','VISIBLE'),(58,'중고 게임 콘솔 판매','닌텐도 스위치 라이트, 상태 좋음.',NULL,210000,'mmm',0,0,'used','2025-07-30 12:30:00','2025-07-30 12:30:00','VISIBLE'),(59,'중고 헤드폰 팝니다','음질 우수, 상태 깨끗함.',NULL,37000,'nnn',0,0,'used','2025-07-30 13:00:00','2025-07-30 13:00:00','VISIBLE'),(60,'캠핑 텐트 나눔합니다','2인용 텐트 무료로 드립니다.',NULL,0,'ooo',0,0,'used','2025-07-30 13:30:00','2025-07-30 13:30:00','VISIBLE'),(61,'중고 노트북 팝니다','i5 7세대, 8GB RAM, SSD 256GB 상태 양호.',NULL,360000,'aaa',0,0,'used','2025-07-31 09:00:00','2025-07-31 09:00:00','VISIBLE'),(62,'중고 전자책 리더기','킨들 페이퍼화이트, 배터리 상태 양호.',NULL,87000,'bbb',0,0,'used','2025-07-31 09:30:00','2025-07-31 09:30:00','VISIBLE'),(63,'책 20권 묶음 팝니다','소설, 자기계발서 포함, 상태 좋음.',NULL,25000,'ccc',0,0,'used','2025-07-31 10:00:00','2025-07-31 10:00:00','VISIBLE'),(64,'중고 전기밥솥','3인용, 작동 잘 됨, 깨끗하게 사용.',NULL,42000,'ddd',0,0,'used','2025-07-31 10:30:00','2025-07-31 10:30:00','VISIBLE'),(65,'나눔 책상','작은 책상, 직접 수령 가능하신 분.',NULL,0,'eee',0,0,'used','2025-07-31 11:00:00','2025-07-31 11:00:00','VISIBLE'),(66,'중고 블루투스 스피커','배터리 오래가고 음질 우수.',NULL,39000,'fff',0,0,'used','2025-07-31 11:30:00','2025-07-31 11:30:00','VISIBLE'),(67,'중고 자전거 판매','도시형 자전거, 상태 깨끗함.',NULL,170000,'ggg',0,0,'used','2025-07-31 12:00:00','2025-07-31 12:00:00','VISIBLE'),(68,'중고 게임 콘솔','플레이스테이션 4, 정상 작동.',NULL,260000,'hhh',0,0,'used','2025-07-31 12:30:00','2025-07-31 12:30:00','VISIBLE'),(69,'중고 키보드 팝니다','기계식 키보드, 청축, 상태 좋음.',NULL,71000,'iii',0,0,'used','2025-07-31 13:00:00','2025-07-31 13:00:00','VISIBLE'),(70,'캠핑용 의자 나눔','접이식 캠핑 의자 무료 드림.',NULL,0,'jjj',0,0,'used','2025-07-31 13:30:00','2025-07-31 13:30:00','VISIBLE'),(71,'중고 스마트폰 팝니다','갤럭시 S10, 상태 양호, 충전기 포함.',NULL,320000,'kkk',0,0,'used','2025-08-01 09:00:00','2025-08-01 09:00:00','VISIBLE'),(72,'책 15권 묶음 판매','에세이, 소설 포함, 상태 좋음.',NULL,18000,'lll',0,0,'used','2025-08-01 09:30:00','2025-08-01 09:30:00','VISIBLE'),(73,'중고 전기밥솥 팝니다','5인용, 작동 잘 됨.',NULL,46000,'mmm',0,0,'used','2025-08-01 10:00:00','2025-08-01 10:00:00','VISIBLE'),(74,'나눔 캠핑 텐트','2인용 텐트 무료 드립니다.',NULL,0,'nnn',0,0,'used','2025-08-01 10:30:00','2025-08-01 10:30:00','VISIBLE'),(75,'중고 헤드폰 팝니다','음질 좋고 상태 양호.',NULL,38000,'ooo',0,0,'used','2025-08-01 11:00:00','2025-08-01 11:00:00','VISIBLE'),(76,'중고 책장','튼튼한 4단 책장, 직접 가져가야 합니다.',NULL,48000,'aaa',0,0,'used','2025-08-01 11:30:00','2025-08-01 11:30:00','VISIBLE'),(77,'중고 전기 자전거 팝니다','배터리 상태 양호, 충전기 포함.',NULL,690000,'bbb',0,0,'used','2025-08-01 12:00:00','2025-08-01 12:00:00','VISIBLE'),(78,'중고 키보드 판매','기계식 키보드, 상태 매우 좋음.',NULL,72000,'ccc',0,0,'used','2025-08-01 12:30:00','2025-08-01 12:30:00','VISIBLE'),(79,'중고 게임 콘솔','닌텐도 스위치, 상태 양호.',NULL,220000,'ddd',0,0,'used','2025-08-01 13:00:00','2025-08-01 13:00:00','VISIBLE'),(80,'캠핑용 의자 나눔합니다','접이식 캠핑 의자 무료로 드림.',NULL,0,'eee',0,0,'used','2025-08-01 13:30:00','2025-08-01 13:30:00','VISIBLE');
/*!40000 ALTER TABLE `board_used` ENABLE KEYS */;
UNLOCK TABLES;

--
-- Table structure for table `board_used_comments`
--

DROP TABLE IF EXISTS `board_used_comments`;
/*!40101 SET @saved_cs_client     = @@character_set_client */;
/*!50503 SET character_set_client = utf8mb4 */;
CREATE TABLE `board_used_comments` (
  `id` int NOT NULL AUTO_INCREMENT,
  `board_id` int NOT NULL,
  `parent_id` int DEFAULT NULL,
  `author` varchar(255) NOT NULL,
  `content` tinytext NOT NULL,
  `created_at` datetime DEFAULT CURRENT_TIMESTAMP,
  `status` enum('VISIBLE','DELETED','PRIVATE','BLOCKED') DEFAULT 'VISIBLE',
  PRIMARY KEY (`id`),
  KEY `board_used_comments_ibfk_1_idx` (`board_id`),
  KEY `board_used_comments_ibfk_2_idx` (`author`),
  CONSTRAINT `board_used_comments_ibfk_1` FOREIGN KEY (`board_id`) REFERENCES `board_used` (`id`) ON DELETE CASCADE,
  CONSTRAINT `board_used_comments_ibfk_2` FOREIGN KEY (`author`) REFERENCES `user_auth` (`username`) ON DELETE CASCADE
) ENGINE=InnoDB AUTO_INCREMENT=47 DEFAULT CHARSET=utf8mb4 COLLATE=utf8mb4_0900_ai_ci;
/*!40101 SET character_set_client = @saved_cs_client */;

--
-- Dumping data for table `board_used_comments`
--

LOCK TABLES `board_used_comments` WRITE;
/*!40000 ALTER TABLE `board_used_comments` DISABLE KEYS */;
INSERT INTO `board_used_comments` VALUES (2,1,NULL,'bbb','혹시 상세 스펙 사진이나 모델명 알 수 있을까요?','2025-07-25 09:10:00','VISIBLE'),(3,1,NULL,'ccc','네고 가능할까요?','2025-07-25 09:15:00','VISIBLE'),(4,1,NULL,'aaa','죄송합니다. 가격은 조정이 어렵습니다.','2025-07-25 09:20:00','VISIBLE'),(5,1,NULL,'ddd','저도 궁금해요!','2025-07-25 09:25:00','VISIBLE'),(6,2,NULL,'eee','충전기는 정품인가요?','2025-07-25 09:40:00','VISIBLE'),(7,2,NULL,'fff','배터리 성능은 어느 정도인가요?','2025-07-25 09:50:00','VISIBLE'),(8,3,NULL,'ggg','아직 안 가져갔으면 제가 가져가도 될까요?','2025-07-25 10:05:00','VISIBLE'),(9,3,NULL,'ccc','네, 쪽지 주세요!','2025-07-25 10:10:00','VISIBLE'),(10,4,NULL,'hhh','사진에 있는 자전거가 맞나요? 혹시 흠집은 없나요?','2025-07-25 10:45:00','VISIBLE'),(11,4,NULL,'iii','지역이 어디세요?','2025-07-25 10:55:00','VISIBLE'),(12,5,NULL,'kkk','배터리 최대 성능은 몇 %인가요?','2025-07-25 11:15:00','VISIBLE'),(13,6,NULL,'lll','저 혹시 아직 책장 남아있나요?','2025-07-25 11:40:00','VISIBLE'),(14,6,NULL,'fff','네, 쪽지로 연락주세요!','2025-07-25 11:45:00','VISIBLE'),(15,7,NULL,'mmm','충전기, 케이스도 포함인가요?','2025-07-25 12:10:00','VISIBLE'),(16,8,NULL,'nnn','다이어리 속지 사진도 볼 수 있을까요?','2025-07-25 12:45:00','VISIBLE'),(17,9,NULL,'ooo','어떤 가죽인지랑, 안감 상태가 궁금해요.','2025-07-25 13:15:00','VISIBLE'),(18,10,NULL,'aaa','혹시 아직 나눔 중이신가요?','2025-07-25 13:40:00','VISIBLE'),(19,10,NULL,'jjj','네, 아직 남아있어요! 편하게 가져가세요.','2025-07-25 13:45:00','VISIBLE'),(20,11,NULL,'jjj','셔터 카운트가 어떻게 되나요?','2025-07-26 09:15:00','VISIBLE'),(21,11,NULL,'lll','렌즈는 어떤 모델인가요?','2025-07-26 09:20:00','VISIBLE'),(22,12,NULL,'kkk','책상 사이즈 좀 알려주세요.','2025-07-26 09:40:00','VISIBLE'),(23,13,NULL,'lll','혹시 브랜드가 어떻게 되나요?','2025-07-26 10:15:00','VISIBLE'),(24,14,NULL,'mmm','모델명 알려주시면 감사하겠습니다!','2025-07-26 10:40:00','VISIBLE'),(25,15,NULL,'nnn','혹시 몇 세대 모델인지 알 수 있을까요?','2025-07-26 11:10:00','VISIBLE'),(26,16,NULL,'ooo','줄 서봅니다! 연락 주세요.','2025-07-26 11:45:00','VISIBLE'),(27,17,NULL,'ccc','조이콘 상태는 어떤가요?','2025-07-26 12:10:00','VISIBLE'),(28,17,NULL,'ddd','기본 세트 외에 다른 게임 타이틀도 포함되나요?','2025-07-26 12:20:00','VISIBLE'),(29,21,NULL,'ggg','거래 완료되었나요?','2025-07-27 09:05:00','VISIBLE'),(30,21,NULL,'fff','네, 아직 가능합니다!','2025-07-27 09:10:00','VISIBLE'),(31,23,NULL,'iii','엘리베이터 없는 건물인데, 직접 가져가야 할까요?','2025-07-27 10:10:00','VISIBLE'),(32,26,NULL,'jjj','배터리 완충 시 몇 km 정도 가나요?','2025-07-27 11:40:00','VISIBLE'),(33,26,NULL,'lll','안전 장비도 같이 주시나요?','2025-07-27 11:50:00','VISIBLE'),(34,31,NULL,'bbb','사용 기간은 얼마나 되셨나요?','2025-07-28 09:10:00','VISIBLE'),(35,37,NULL,'fff','프레임 사이즈가 어떻게 되나요?','2025-07-28 12:15:00','VISIBLE'),(36,41,NULL,'nnn','액정에 기스나 깨진 곳은 없나요?','2025-07-29 09:10:00','VISIBLE'),(37,46,NULL,'eee','소프트웨어 버전과 구성품 알려주세요.','2025-07-29 11:45:00','VISIBLE'),(38,51,NULL,'ggg','바디만 구매 가능할까요?','2025-07-30 09:10:00','VISIBLE'),(39,53,NULL,'iii','어떤 장르의 책들이 포함되어 있는지 궁금합니다.','2025-07-30 10:10:00','VISIBLE'),(40,53,NULL,'hhh','소설, 인문학, 자기계발서 위주로 구성되어 있습니다.','2025-07-30 10:20:00','VISIBLE'),(41,61,NULL,'bbb','직거래는 어디서 가능한가요?','2025-07-31 09:05:00','VISIBLE'),(42,64,NULL,'ccc','몇 년 정도 사용하셨나요?','2025-07-31 10:40:00','VISIBLE'),(43,71,NULL,'jjj','기기 상태가 궁금합니다. 사진 더 볼 수 있을까요?','2025-08-01 09:10:00','VISIBLE'),(44,71,NULL,'lll','혹시 직거래 시 현장에서 확인 후 구매 가능한가요?','2025-08-01 09:20:00','VISIBLE'),(45,74,NULL,'mmm','선착순인가요?','2025-08-01 10:35:00','VISIBLE'),(46,79,NULL,'eee','구성품에 듀얼쇼크 포함인가요?','2025-08-01 13:05:00','VISIBLE');
/*!40000 ALTER TABLE `board_used_comments` ENABLE KEYS */;
UNLOCK TABLES;

--
-- Table structure for table `board_used_recommend`
--

DROP TABLE IF EXISTS `board_used_recommend`;
/*!40101 SET @saved_cs_client     = @@character_set_client */;
/*!50503 SET character_set_client = utf8mb4 */;
CREATE TABLE `board_used_recommend` (
  `id` int NOT NULL AUTO_INCREMENT,
  `board_id` int DEFAULT NULL,
  `username` varchar(255) DEFAULT NULL,
  `is_active` bit(1) DEFAULT b'1',
  `created_at` datetime DEFAULT CURRENT_TIMESTAMP,
  `updated_at` datetime DEFAULT CURRENT_TIMESTAMP,
  PRIMARY KEY (`id`),
  UNIQUE KEY `uq_board_user` (`board_id`,`username`),
  KEY `board_used_recommend_ibfk_1_idx` (`board_id`),
  KEY `board_used_recommend_ibfk_2_idx` (`username`),
  CONSTRAINT `board_used_recommend_ibfk_1` FOREIGN KEY (`board_id`) REFERENCES `board_used` (`id`) ON DELETE CASCADE,
  CONSTRAINT `board_used_recommend_ibfk_2` FOREIGN KEY (`username`) REFERENCES `user_auth` (`username`) ON DELETE CASCADE
) ENGINE=InnoDB AUTO_INCREMENT=40 DEFAULT CHARSET=utf8mb4 COLLATE=utf8mb4_0900_ai_ci;
/*!40101 SET character_set_client = @saved_cs_client */;

--
-- Dumping data for table `board_used_recommend`
--

LOCK TABLES `board_used_recommend` WRITE;
/*!40000 ALTER TABLE `board_used_recommend` DISABLE KEYS */;
INSERT INTO `board_used_recommend` VALUES (1,1,'aaa',_binary '','2025-07-25 09:05:00','2025-07-25 09:05:00'),(2,1,'bbb',_binary '','2025-07-25 09:10:00','2025-07-25 09:10:00'),(3,1,'ccc',_binary '','2025-07-25 09:12:00','2025-07-25 09:12:00'),(4,1,'ddd',_binary '','2025-07-25 09:18:00','2025-07-25 09:18:00'),(5,1,'eee',_binary '','2025-07-25 09:22:00','2025-07-25 09:22:00'),(6,2,'fff',_binary '','2025-07-25 09:35:00','2025-07-25 09:35:00'),(7,2,'ggg',_binary '','2025-07-25 09:45:00','2025-07-25 09:45:00'),(8,3,'hhh',_binary '','2025-07-25 10:02:00','2025-07-25 10:02:00'),(9,3,'iii',_binary '','2025-07-25 10:08:00','2025-07-25 10:08:00'),(10,3,'jjj',_binary '','2025-07-25 10:11:00','2025-07-25 10:11:00'),(11,4,'kkk',_binary '','2025-07-25 10:35:00','2025-07-25 10:35:00'),(12,10,'lll',_binary '','2025-07-25 13:35:00','2025-07-25 13:35:00'),(13,10,'mmm',_binary '','2025-07-25 13:38:00','2025-07-25 13:38:00'),(14,10,'nnn',_binary '','2025-07-25 13:42:00','2025-07-25 13:42:00'),(15,11,'ooo',_binary '','2025-07-26 09:05:00','2025-07-26 09:05:00'),(16,16,'ppp',_binary '','2025-07-26 11:35:00','2025-07-26 11:35:00'),(17,16,'qqq',_binary '','2025-07-26 11:40:00','2025-07-26 11:40:00'),(18,17,'rrr',_binary '','2025-07-26 12:05:00','2025-07-26 12:05:00'),(19,17,'sss',_binary '','2025-07-26 12:15:00','2025-07-26 12:15:00'),(20,17,'ttt',_binary '','2025-07-26 12:25:00','2025-07-26 12:25:00'),(21,21,'uuu',_binary '','2025-07-27 09:02:00','2025-07-27 09:02:00'),(22,21,'vvv',_binary '','2025-07-27 09:08:00','2025-07-27 09:08:00'),(23,26,'www',_binary '','2025-07-27 11:35:00','2025-07-27 11:35:00'),(24,26,'xxx',_binary '','2025-07-27 11:42:00','2025-07-27 11:42:00'),(25,26,'yyy',_binary '','2025-07-27 11:55:00','2025-07-27 11:55:00'),(26,31,'zzz',_binary '','2025-07-28 09:05:00','2025-07-28 09:05:00'),(27,37,'aaa',_binary '','2025-07-28 12:05:00','2025-07-28 12:05:00'),(28,41,'bbb',_binary '','2025-07-29 09:05:00','2025-07-29 09:05:00'),(29,46,'ccc',_binary '','2025-07-29 11:40:00','2025-07-29 11:40:00'),(30,46,'ddd',_binary '','2025-07-29 11:45:00','2025-07-29 11:45:00'),(31,53,'eee',_binary '','2025-07-30 10:05:00','2025-07-30 10:05:00'),(32,53,'fff',_binary '','2025-07-30 10:15:00','2025-07-30 10:15:00'),(33,61,'ggg',_binary '','2025-07-31 09:02:00','2025-07-31 09:02:00'),(34,64,'hhh',_binary '','2025-07-31 10:35:00','2025-07-31 10:35:00'),(35,71,'iii',_binary '','2025-08-01 09:05:00','2025-08-01 09:05:00'),(36,71,'jjj',_binary '','2025-08-01 09:12:00','2025-08-01 09:12:00'),(37,71,'kkk',_binary '','2025-08-01 09:18:00','2025-08-01 09:18:00'),(38,79,'lll',_binary '','2025-08-01 13:02:00','2025-08-01 13:02:00'),(39,79,'mmm',_binary '','2025-08-01 13:08:00','2025-08-01 13:08:00');
/*!40000 ALTER TABLE `board_used_recommend` ENABLE KEYS */;
UNLOCK TABLES;

--
-- Table structure for table `message`
--

DROP TABLE IF EXISTS `message`;
/*!40101 SET @saved_cs_client     = @@character_set_client */;
/*!50503 SET character_set_client = utf8mb4 */;
CREATE TABLE `message` (
  `id` int NOT NULL AUTO_INCREMENT,
  `title` varchar(255) NOT NULL,
  `message` varchar(255) NOT NULL,
  `author` varchar(255) DEFAULT NULL,
  `receiver` varchar(255) DEFAULT NULL,
  `created_at` datetime DEFAULT CURRENT_TIMESTAMP,
  PRIMARY KEY (`id`),
  KEY `message_ibfk_1_idx` (`author`),
  KEY `message_ibfk_2_idx` (`receiver`),
  CONSTRAINT `message_ibfk_1` FOREIGN KEY (`author`) REFERENCES `user_auth` (`username`),
  CONSTRAINT `message_ibfk_2` FOREIGN KEY (`receiver`) REFERENCES `user_auth` (`username`)
) ENGINE=InnoDB AUTO_INCREMENT=15 DEFAULT CHARSET=utf8mb4 COLLATE=utf8mb4_0900_ai_ci;
/*!40101 SET character_set_client = @saved_cs_client */;

--
-- Dumping data for table `message`
--

LOCK TABLES `message` WRITE;
/*!40000 ALTER TABLE `message` DISABLE KEYS */;
INSERT INTO `message` VALUES (5,'안녕하세요!','혹시 중고책 아직 판매 중이신가요?','aaa','bbb','2025-07-31 15:50:05'),(6,'답장 드립니다','네 아직 있어요! 연락 주세요.','bbb','aaa','2025-07-31 15:50:05'),(7,'궁금한 점이 있어요','게시판에 쓴 글 잘 봤습니다. 질문이 있어요.','ccc','ddd','2025-07-31 15:50:05'),(8,'중고거래 관련 문의','공기청정기 직거래 가능할까요?','eee','fff','2025-07-31 15:50:05'),(9,'감사합니다','덕분에 좋은 정보 얻었어요!','ggg','hhh','2025-07-31 15:50:05'),(10,'글 잘 읽었습니다','추천 누르고 갑니다~','iii','jjj','2025-07-31 15:50:05'),(11,'거래 희망합니다','닌텐도 관심 있는데 연락드려요.','jjj','ggg','2025-07-31 15:50:05'),(12,'책 관련 문의','어떤 책들이 포함돼 있나요?','hhh','ccc','2025-07-31 15:50:05'),(13,'의자 구매하고 싶어요','편한 의자면 좋겠네요! 쪽지 주세요.','bbb','iii','2025-07-31 15:50:05'),(14,'도움 주셔서 감사합니다','질문에 친절히 답변해주셔서 감사해요.','ddd','ccc','2025-07-31 15:50:05');
/*!40000 ALTER TABLE `message` ENABLE KEYS */;
UNLOCK TABLES;

--
-- Table structure for table `quiz`
--

DROP TABLE IF EXISTS `quiz`;
/*!40101 SET @saved_cs_client     = @@character_set_client */;
/*!50503 SET character_set_client = utf8mb4 */;
CREATE TABLE `quiz` (
  `id` int NOT NULL AUTO_INCREMENT,
  `title` varchar(255) NOT NULL,
  `question` tinytext NOT NULL,
  `answer` varchar(255) NOT NULL,
  `imgsrc` varchar(255) DEFAULT NULL,
  `author` varchar(255) DEFAULT NULL,
  `created_at` datetime DEFAULT CURRENT_TIMESTAMP,
  `level` int DEFAULT '1',
  `category` varchar(30) DEFAULT 'QUIZ',
  `type` enum('MULTI','SUBJECTIVE','OX') DEFAULT 'MULTI',
  `views` int DEFAULT '0',
  PRIMARY KEY (`id`),
  KEY `author` (`author`),
  CONSTRAINT `quiz_ibfk_1` FOREIGN KEY (`author`) REFERENCES `user_auth` (`username`) ON DELETE CASCADE,
  CONSTRAINT `quiz_chk_1` CHECK ((`level` in (1,2,3)))
) ENGINE=InnoDB AUTO_INCREMENT=41 DEFAULT CHARSET=utf8mb4 COLLATE=utf8mb4_0900_ai_ci;
/*!40101 SET character_set_client = @saved_cs_client */;

--
-- Dumping data for table `quiz`
--

LOCK TABLES `quiz` WRITE;
/*!40000 ALTER TABLE `quiz` DISABLE KEYS */;
INSERT INTO `quiz` VALUES (1,'서울의 별명은 무엇일까요?','서울은 어떤 별칭으로 불리나요?','한양',NULL,'aaa','2025-07-25 00:00:00',1,'QUIZ','SUBJECTIVE',0),(2,'지구의 생김새는?','지구의 모양은 어떤가요?','타원형',NULL,'bbb','2025-07-25 00:00:00',1,'QUIZ','SUBJECTIVE',0),(3,'물은 어떤 성분인가요?','물은 어떤 원소로 이루어져 있나요?','H2O',NULL,'ccc','2025-07-25 00:00:00',1,'QUIZ','MULTI',0),(4,'광합성은 어디서 일어날까?','광합성은 식물의 어느 부분에서 일어나나요?','엽록체',NULL,'ddd','2025-07-25 00:00:00',1,'QUIZ','MULTI',0),(5,'빛과 소리 중 더 빠른 것은?','빛은 소리보다 빠르다.','O',NULL,'eee','2025-07-25 00:00:00',1,'QUIZ','OX',0),(6,'대한민국의 수도는 어디일까요?','대한민국의 수도는 어디인가요?','서울',NULL,'fff','2025-07-26 00:00:00',1,'QUIZ','SUBJECTIVE',0),(7,'태양의 정체는?','태양은 별인가요?','O',NULL,'ggg','2025-07-26 00:00:00',1,'QUIZ','OX',0),(8,'덧셈 문제 하나!','다음 중 5 + 7의 정답은?','12',NULL,'hhh','2025-07-26 00:00:00',1,'QUIZ','MULTI',0),(9,'태양계에서 가장 큰 행성은?','태양계에서 가장 큰 행성은?','목성',NULL,'iii','2025-07-26 00:00:00',1,'QUIZ','MULTI',0),(10,'물의 끓는점은?','물은 섭씨 100도에서 끓는다.','O',NULL,'jjj','2025-07-26 00:00:00',1,'QUIZ','OX',0),(11,'대한민국 국기의 이름은?','대한민국의 국기 이름은?','태극기',NULL,'kkk','2025-07-27 00:00:00',1,'QUIZ','SUBJECTIVE',0),(12,'1년은 몇 개월일까요?','1년은 몇 개월로 이루어져 있나요?','12',NULL,'lll','2025-07-27 00:00:00',1,'QUIZ','MULTI',0),(13,'산소를 나타내는 원소기호는?','산소의 원자기호는 무엇인가요?','O',NULL,'mmm','2025-07-27 00:00:00',1,'QUIZ','SUBJECTIVE',0),(14,'설날의 날짜는?','설날은 음력 1월 1일이다.','O',NULL,'nnn','2025-07-27 00:00:00',1,'QUIZ','OX',0),(15,'무지개 색 순서 맞추기','무지개 색 순서로 옳은 것은?','빨주노초파남보',NULL,'ooo','2025-07-27 00:00:00',1,'QUIZ','MULTI',0),(16,'수도권과 비수도권 구분','다음 중 수도권이 아닌 곳은?','부산',NULL,'ppp','2025-07-28 00:00:00',2,'QUIZ','MULTI',0),(17,'빛의 속도는 얼마나 될까?','빛의 속도는 초당 약 30만 km이다.','O',NULL,'qqq','2025-07-28 00:00:00',2,'QUIZ','OX',0),(18,'훈민정음을 만든 사람은?','훈민정음을 만든 사람은 누구인가요?','세종대왕',NULL,'rrr','2025-07-28 00:00:00',2,'QUIZ','SUBJECTIVE',0),(19,'지구의 자연 위성은 무엇인가요?','지구의 자연 위성은?','달',NULL,'sss','2025-07-28 00:00:00',2,'QUIZ','SUBJECTIVE',0),(20,'구구단 문제!','6 곱하기 7은?','42',NULL,'ttt','2025-07-28 00:00:00',2,'QUIZ','MULTI',0),(21,'pH가 낮은 용액은?','pH가 7보다 낮은 용액은?','산성',NULL,'uuu','2025-07-29 00:00:00',2,'QUIZ','SUBJECTIVE',0),(22,'태극기의 4괘 이름은?','태극기의 4괘 이름은?','건곤감리',NULL,'vvv','2025-07-29 00:00:00',2,'QUIZ','MULTI',0),(23,'지구는 자전을 할까?','지구는 하루에 한 번 자전한다.','O',NULL,'www','2025-07-29 00:00:00',2,'QUIZ','OX',0),(24,'한글의 문자 유형은?','한글은 음을 나타내는 문자이다.','O',NULL,'xxx','2025-07-29 00:00:00',2,'QUIZ','OX',0),(25,'우유는 어떤 분류에 해당할까?','우유는 어떤 식품군일까요?','유제품',NULL,'yyy','2025-07-29 00:00:00',2,'QUIZ','MULTI',0),(26,'인류의 달 착륙 시기는?','인류가 처음 달에 착륙한 해는?','1969',NULL,'zzz','2025-07-30 00:00:00',3,'QUIZ','SUBJECTIVE',0),(27,'섭씨 100도는 몇 화씨?','섭씨 100도는 화씨 몇도인가요?','212',NULL,'aaa','2025-07-30 00:00:00',3,'QUIZ','MULTI',0),(28,'직각삼각형 정리','직각삼각형의 피타고라스 정리는?','a² + b² = c²',NULL,'bbb','2025-07-30 00:00:00',3,'QUIZ','SUBJECTIVE',0),(29,'Na는 어떤 원소?','Na는 어떤 원소를 나타내나요?','나트륨',NULL,'ccc','2025-07-30 00:00:00',3,'QUIZ','MULTI',0),(30,'태양은 빛을 낼 수 있을까?','태양은 스스로 빛을 낸다.','O',NULL,'ddd','2025-07-30 00:00:00',3,'QUIZ','OX',0),(31,'무지개 색의 수는?','무지개는 총 몇 가지 색으로 보이나요?','7',NULL,'eee','2025-07-31 00:00:00',3,'QUIZ','SUBJECTIVE',0),(32,'속도 × 시간 = 거리 문제','60km/h로 2시간 달리면 몇 km?','120',NULL,'fff','2025-07-31 00:00:00',3,'QUIZ','MULTI',0),(33,'이산화탄소는 어떤 화학식?','이산화탄소는 어떤 화학식을 가지나요?','CO2',NULL,'ggg','2025-07-31 00:00:00',3,'QUIZ','SUBJECTIVE',0),(34,'대한민국의 국화는 무엇일까요?','대한민국의 국화는?','무궁화',NULL,'hhh','2025-07-31 00:00:00',3,'QUIZ','SUBJECTIVE',0),(35,'산의 맛은?','산성 물질은 신맛이 난다.','O',NULL,'iii','2025-07-31 00:00:00',3,'QUIZ','OX',0),(36,'태풍의 기압 특성은?','태풍은 저기압이다.','O',NULL,'jjj','2025-08-01 00:00:00',3,'QUIZ','OX',0),(37,'가장 넓은 바다는 어디일까?','가장 넓은 바다는 어디인가요?','태평양',NULL,'kkk','2025-08-01 00:00:00',3,'QUIZ','SUBJECTIVE',0),(38,'우주의 기원을 설명하는 이론은?','빅뱅 이론은 우주의 기원과 관련이 있다.','O',NULL,'lll','2025-08-01 00:00:00',3,'QUIZ','OX',0),(39,'1L는 몇 mL일까?','1L는 몇 mL인가요?','1000',NULL,'mmm','2025-08-01 00:00:00',3,'QUIZ','MULTI',0),(40,'거북선을 만든 인물은?','거북선을 만든 인물은?','이순신',NULL,'nnn','2025-08-01 00:00:00',3,'QUIZ','SUBJECTIVE',0);
/*!40000 ALTER TABLE `quiz` ENABLE KEYS */;
UNLOCK TABLES;

--
-- Table structure for table `quiz_results`
--

DROP TABLE IF EXISTS `quiz_results`;
/*!40101 SET @saved_cs_client     = @@character_set_client */;
/*!50503 SET character_set_client = utf8mb4 */;
CREATE TABLE `quiz_results` (
  `id` int NOT NULL AUTO_INCREMENT,
  `quiz_id` int NOT NULL,
  `username` varchar(255) DEFAULT NULL,
  `user_answer` varchar(255) NOT NULL,
  `result` tinyint NOT NULL,
  `solved_at` datetime DEFAULT CURRENT_TIMESTAMP,
  PRIMARY KEY (`id`),
  KEY `quiz_id` (`quiz_id`),
  KEY `username` (`username`),
  CONSTRAINT `quiz_results_ibfk_1` FOREIGN KEY (`quiz_id`) REFERENCES `quiz` (`id`) ON DELETE CASCADE,
  CONSTRAINT `quiz_results_ibfk_2` FOREIGN KEY (`username`) REFERENCES `user_auth` (`username`) ON DELETE CASCADE
) ENGINE=InnoDB AUTO_INCREMENT=4 DEFAULT CHARSET=utf8mb4 COLLATE=utf8mb4_0900_ai_ci;
/*!40101 SET character_set_client = @saved_cs_client */;

--
-- Dumping data for table `quiz_results`
--

LOCK TABLES `quiz_results` WRITE;
/*!40000 ALTER TABLE `quiz_results` DISABLE KEYS */;
/*!40000 ALTER TABLE `quiz_results` ENABLE KEYS */;
UNLOCK TABLES;

--
-- Table structure for table `report`
--

DROP TABLE IF EXISTS `report`;
/*!40101 SET @saved_cs_client     = @@character_set_client */;
/*!50503 SET character_set_client = utf8mb4 */;
CREATE TABLE `report` (
  `id` int NOT NULL AUTO_INCREMENT,
  `reason` varchar(255) NOT NULL COMMENT '신고사유 (간단유형)',
  `description` tinytext,
  `reporter` varchar(255) NOT NULL COMMENT '신고자',
  `reported` varchar(255) NOT NULL COMMENT '피신고자',
  `target_table` varchar(30) DEFAULT NULL COMMENT '신고대상 위치 (게시판 또는 댓글 등의 table명)',
  `target_id` int NOT NULL COMMENT '신고대상 ID (board_id, comment_id)',
  `status` enum('PENDING','ACCEPTED','REJECTED') DEFAULT 'PENDING',
  `created_at` datetime DEFAULT CURRENT_TIMESTAMP COMMENT '신고시간',
  `updated_at` datetime DEFAULT CURRENT_TIMESTAMP ON UPDATE CURRENT_TIMESTAMP COMMENT '처리시간',
  PRIMARY KEY (`id`),
  KEY `reporter` (`reporter`),
  KEY `reported` (`reported`),
  CONSTRAINT `report_ibfk_1` FOREIGN KEY (`reporter`) REFERENCES `user_auth` (`username`),
  CONSTRAINT `report_ibfk_2` FOREIGN KEY (`reported`) REFERENCES `user_auth` (`username`)
) ENGINE=InnoDB AUTO_INCREMENT=9 DEFAULT CHARSET=utf8mb4 COLLATE=utf8mb4_0900_ai_ci;
/*!40101 SET character_set_client = @saved_cs_client */;

--
-- Dumping data for table `report`
--

LOCK TABLES `report` WRITE;
/*!40000 ALTER TABLE `report` DISABLE KEYS */;
/*!40000 ALTER TABLE `report` ENABLE KEYS */;
UNLOCK TABLES;

--
-- Table structure for table `survey`
--

DROP TABLE IF EXISTS `survey`;
/*!40101 SET @saved_cs_client     = @@character_set_client */;
/*!50503 SET character_set_client = utf8mb4 */;
CREATE TABLE `survey` (
  `id` int NOT NULL AUTO_INCREMENT,
  `title` varchar(255) NOT NULL,
  `question` tinytext NOT NULL,
  `column1` varchar(255) NOT NULL,
  `column2` varchar(255) NOT NULL,
  `column3` varchar(255) DEFAULT NULL,
  `column4` varchar(255) DEFAULT NULL,
  `column5` varchar(255) DEFAULT NULL,
  `imgsrc` varchar(255) DEFAULT NULL,
  `author` varchar(255) NOT NULL,
  `created_at` datetime DEFAULT CURRENT_TIMESTAMP,
  `category` varchar(30) DEFAULT 'SURVEY',
  `views` int NOT NULL DEFAULT '0',
  PRIMARY KEY (`id`),
  KEY `board_survey_ibfk_1_idx` (`author`),
  CONSTRAINT `board_survey_ibfk_1` FOREIGN KEY (`author`) REFERENCES `user_auth` (`username`) ON DELETE CASCADE
) ENGINE=InnoDB AUTO_INCREMENT=25 DEFAULT CHARSET=utf8mb4 COLLATE=utf8mb4_0900_ai_ci;
/*!40101 SET character_set_client = @saved_cs_client */;

--
-- Dumping data for table `survey`
--

LOCK TABLES `survey` WRITE;
/*!40000 ALTER TABLE `survey` DISABLE KEYS */;
INSERT INTO `survey` VALUES (1,'좋아하는 계절은?','가장 좋아하는 계절은 무엇인가요?','봄','여름','가을','겨울','없음',NULL,'aaa','2025-07-25 00:00:00','SURVEY',0),(2,'평소 커피 섭취량은?','하루에 커피 몇 잔을 마시나요?','0잔','1~2잔','3~4잔','5잔 이상','모르겠음',NULL,'bbb','2025-07-25 00:00:00','SURVEY',0),(3,'주로 사용하는 스마트폰 브랜드는?','어떤 스마트폰 브랜드를 사용하시나요?','애플','삼성','구글','샤오미','기타',NULL,'ccc','2025-07-25 00:00:00','SURVEY',0),(4,'취미 활동은 무엇인가요?','가장 즐기는 취미 활동은?','독서','운동','게임','여행','기타',NULL,'ddd','2025-07-26 00:00:00','SURVEY',0),(5,'평소 운동 빈도는?','주 몇 회 운동하시나요?','전혀 안 함','1~2회','3~4회','5회 이상','매일',NULL,'eee','2025-07-26 00:00:00','SURVEY',0),(6,'어떤 장르의 음악을 좋아하나요?','가장 좋아하는 음악 장르는?','팝','락','힙합','클래식','기타',NULL,'fff','2025-07-26 00:00:00','SURVEY',0),(7,'선호하는 여행 스타일은?','어떤 여행 스타일을 좋아하시나요?','관광','휴양','모험','문화 체험','기타',NULL,'ggg','2025-07-27 00:00:00','SURVEY',0),(8,'평소 독서량은?','한 달에 책을 몇 권 읽나요?','0권','1~2권','3~4권','5권 이상','매일',NULL,'hhh','2025-07-27 00:00:00','SURVEY',0),(9,'어떤 종류의 영화가 좋나요?','가장 선호하는 영화 장르는?','액션','로맨스','코미디','공포','드라마',NULL,'iii','2025-07-27 00:00:00','SURVEY',0),(10,'아침 식사 자주 하시나요?','아침 식사를 얼마나 자주 하시나요?','매일','주 3~4회','가끔','거의 안 함','전혀 안 함',NULL,'jjj','2025-07-28 00:00:00','SURVEY',0),(11,'좋아하는 운동은?','어떤 운동을 좋아하시나요?','축구','농구','수영','러닝','기타',NULL,'kkk','2025-07-28 00:00:00','SURVEY',0),(12,'어떤 SNS를 가장 자주 사용하나요?','가장 많이 사용하는 SNS는 무엇인가요?','페이스북','인스타그램','트위터','틱톡','기타',NULL,'lll','2025-07-28 00:00:00','SURVEY',0),(13,'주로 이용하는 교통수단은?','일상에서 주로 이용하는 교통수단은?','버스','지하철','자전거','자동차','도보',NULL,'mmm','2025-07-29 00:00:00','SURVEY',0),(14,'좋아하는 음식 종류는?','가장 좋아하는 음식 종류는?','한식','중식','일식','양식','기타',NULL,'nnn','2025-07-29 00:00:00','SURVEY',0),(15,'하루 평균 스마트폰 사용 시간은?','하루 평균 스마트폰 사용 시간은?','1시간 이하','1~3시간','3~5시간','5~7시간','7시간 이상',NULL,'ooo','2025-07-29 00:00:00','SURVEY',0),(16,'영화 보는 빈도는?','얼마나 자주 영화를 보시나요?','매일','주 1~2회','가끔','거의 안 봄','전혀 안 봄',NULL,'ppp','2025-07-30 00:00:00','SURVEY',0),(17,'스마트폰 OS는?','어떤 스마트폰 운영체제를 사용하시나요?','안드로이드','iOS','기타','모름','없음',NULL,'qqq','2025-07-30 00:00:00','SURVEY',0),(18,'평소 물 섭취량은?','하루에 물을 얼마나 마시나요?','1L 이하','1~2L','2~3L','3L 이상','잘 안 마심',NULL,'rrr','2025-07-30 00:00:00','SURVEY',0),(19,'휴가 선호 지역은?','가장 선호하는 휴가 지역은?','해변','산','도시','농촌','기타',NULL,'sss','2025-07-31 00:00:00','SURVEY',0),(20,'하루 평균 수면 시간은?','하루에 평균 몇 시간 주무시나요?','4시간 이하','5~6시간','7~8시간','9시간 이상','불규칙',NULL,'ttt','2025-07-31 00:00:00','SURVEY',0),(21,'좋아하는 동물은?','가장 좋아하는 동물은?','강아지','고양이','새','토끼','기타',NULL,'uuu','2025-07-31 00:00:00','SURVEY',0),(22,'집에서 주로 하는 활동은?','평소 집에서 주로 하는 활동은?','독서','요리','TV 시청','게임','기타',NULL,'vvv','2025-08-01 00:00:00','SURVEY',0),(23,'평소 스트레스 해소 방법은?','스트레스 해소 방법은 무엇인가요?','운동','음악 감상','명상','친구와 대화','기타',NULL,'www','2025-08-01 00:00:00','SURVEY',0),(24,'가장 좋아하는 과일은?','가장 좋아하는 과일은?','사과','바나나','딸기','오렌지','기타',NULL,'xxx','2025-08-01 00:00:00','SURVEY',0);
/*!40000 ALTER TABLE `survey` ENABLE KEYS */;
UNLOCK TABLES;

--
-- Table structure for table `survey_answers`
--

DROP TABLE IF EXISTS `survey_answers`;
/*!40101 SET @saved_cs_client     = @@character_set_client */;
/*!50503 SET character_set_client = utf8mb4 */;
CREATE TABLE `survey_answers` (
  `id` int NOT NULL AUTO_INCREMENT,
  `username` varchar(255) DEFAULT NULL,
  `answers` varchar(255) NOT NULL,
  `created_at` datetime DEFAULT CURRENT_TIMESTAMP,
  `parent_id` int NOT NULL,
  PRIMARY KEY (`id`),
  KEY `board_survey_answers_ibfk_1_idx` (`username`),
  KEY `board_survey_answers_ibfk_2_idx` (`parent_id`),
  CONSTRAINT `board_survey_answers_ibfk_1` FOREIGN KEY (`username`) REFERENCES `user_auth` (`username`) ON DELETE CASCADE,
  CONSTRAINT `board_survey_answers_ibfk_2` FOREIGN KEY (`parent_id`) REFERENCES `survey` (`id`) ON DELETE CASCADE
) ENGINE=InnoDB AUTO_INCREMENT=3 DEFAULT CHARSET=utf8mb4 COLLATE=utf8mb4_0900_ai_ci;
/*!40101 SET character_set_client = @saved_cs_client */;

--
-- Dumping data for table `survey_answers`
--

LOCK TABLES `survey_answers` WRITE;
/*!40000 ALTER TABLE `survey_answers` DISABLE KEYS */;
/*!40000 ALTER TABLE `survey_answers` ENABLE KEYS */;
UNLOCK TABLES;

--
-- Table structure for table `uploaded_image`
--

DROP TABLE IF EXISTS `uploaded_image`;
/*!40101 SET @saved_cs_client     = @@character_set_client */;
/*!50503 SET character_set_client = utf8mb4 */;
CREATE TABLE `uploaded_image` (
  `id` int NOT NULL AUTO_INCREMENT,
  `original_name` varchar(255) NOT NULL,
  `saved_name` varchar(255) NOT NULL,
  `file_path` varchar(500) NOT NULL,
  `uploaded_at` datetime DEFAULT CURRENT_TIMESTAMP,
  `file_size` bigint DEFAULT NULL,
  PRIMARY KEY (`id`)
) ENGINE=InnoDB AUTO_INCREMENT=10 DEFAULT CHARSET=utf8mb4 COLLATE=utf8mb4_0900_ai_ci;
/*!40101 SET character_set_client = @saved_cs_client */;

--
-- Dumping data for table `uploaded_image`
--

LOCK TABLES `uploaded_image` WRITE;
/*!40000 ALTER TABLE `uploaded_image` DISABLE KEYS */;
/*!40000 ALTER TABLE `uploaded_image` ENABLE KEYS */;
UNLOCK TABLES;

--
-- Table structure for table `user_auth`
--

DROP TABLE IF EXISTS `user_auth`;
/*!40101 SET @saved_cs_client     = @@character_set_client */;
/*!50503 SET character_set_client = utf8mb4 */;
CREATE TABLE `user_auth` (
  `username` varchar(255) NOT NULL,
  `password` varchar(100) NOT NULL,
  `role` varchar(20) DEFAULT 'ROLE_USER',
  `joindate` datetime DEFAULT CURRENT_TIMESTAMP,
  PRIMARY KEY (`username`)
) ENGINE=InnoDB DEFAULT CHARSET=utf8mb4 COLLATE=utf8mb4_0900_ai_ci;
/*!40101 SET character_set_client = @saved_cs_client */;

--
-- Dumping data for table `user_auth`
--

LOCK TABLES `user_auth` WRITE;
/*!40000 ALTER TABLE `user_auth` DISABLE KEYS */;
INSERT INTO `user_auth` VALUES ('aaa','$2a$10$4eKBybT/HccoEbN5XW6kCu/jBTOMfOfhGguROrqlkR77H5Fzx2CMy','ROLE_ADMIN','2025-07-31 10:05:01'),('bbb','$2a$10$hTKH7I3RLnj1DRlq.Nec.uiLeKgfSdcQkhVyK7eMY1F/Wp/5oXNwC','ROLE_USER','2025-07-31 10:06:04'),('ccc','$2a$10$cUnfhbFI0DR9QGggOA3FJOQSfUB6qw6KdNNcVWlzxZieg0x2ticTy','ROLE_USER','2025-07-31 10:07:01'),('ddd','$2a$10$z8yDG2HIcSowmF5f.uczO.ZT4LEBSr3PETBngSSsV.eMOLmuF2/w.','ROLE_USER','2025-07-31 10:08:50'),('eee','$2a$10$6KGEWyIrIy1K5oWSgpTdkuPE2Xi9r/VtkFW/2hWcAPrVQdmjvy3O2','ROLE_USER','2025-07-31 10:09:46'),('fff','$2a$10$2x9fbAGYBZ7b3i2nrqz0MO3XTRpx4pC5..8PTDHwJH5ezKPAKJSgK','ROLE_USER','2025-07-31 10:11:22'),('ggg','$2a$10$zeplzC3AoFBX0i6GlGxdoOGqGIojPrntt.oKHvHORvh/32VOV72iu','ROLE_USER','2025-07-31 10:12:14'),('hhh','$2a$10$fCg6iqFXS6/EQ5wsayH5BOzorMeWLzekDfeFr6m.cYsd6tUXgFifa','ROLE_USER','2025-07-31 10:13:29'),('iii','$2a$10$iTdGHu64GyxQTSS9eFaR7uaVdFG02qyD6C25S7wZuP/Gn0GU9QLKC','ROLE_USER','2025-07-31 10:14:31'),('jjj','$2a$10$8v7MMLAsQjBHQTl9NeAD2uUn3dHzw2NqNLtuvYWgo9NliWxk491pu','ROLE_USER','2025-07-31 10:15:56'),('kkk','$2a$10$hRfQTyI6B0c9guVEPPDrZuavgfEoJIYuiDRnx/nyn6ulGa18aiUW2','ROLE_USER','2025-07-31 10:19:35'),('lll','$2a$10$fIrpqL23U5PmyZKuT1auh.VPetzrvTd2AfMN2nBtOb7sdxpj5hxbq','ROLE_USER','2025-07-31 10:21:05'),('mmm','$2a$10$pzno01CvzkgQmh0.zpadrO8OeJPg6HFgU8VG1G/I3jRGg/QoKte8u','ROLE_USER','2025-07-31 10:36:52'),('nnn','$2a$10$sgoZBE9KJj0JXyRUXWDSfebss2caJLUgy2MIGebvg34U2pt8RPpUW','ROLE_USER','2025-07-31 10:38:03'),('ooo','$2a$10$cZucuj/DRPAz5B7X7g1gU.B7MMKgldcUrsO9Ojisxjacu0g3yKwLG','ROLE_USER','2025-07-31 10:39:20'),('ppp','$2a$10$606n4vnRIIZ9V5CK8J7t4OMVNrsnnNEJPzBLuVx.YRzPK6gydlMUm','ROLE_USER','2025-07-31 10:42:05'),('qqq','$2a$10$988y8axERlrzufpZuiQuWO86qCC9KX5oaA9xSHJFGwkG7KdDCjW5K','ROLE_USER','2025-07-31 10:45:58'),('rrr','$2a$10$5dgkKM8z9oVDUHM87YR9qOeMMVjrIQfAO9RIq1j5KKQNuFNrLEQN6','ROLE_USER','2025-07-31 10:47:34'),('sss','$2a$10$DULA/iCsleQa6Y6zK79jtuV2ae3Aaw/Py7R/WiIKbqm1wRAEvf7YW','ROLE_USER','2025-07-31 10:49:53'),('ttt','$2a$10$86hexl8f6CfpQUJvNeTrCesxDybMk3IVAohcz7xaQs./crzN/Oj6C','ROLE_USER','2025-07-31 10:50:48'),('uuu','$2a$10$yy6j6CYqAejw9IWvU0PPouAEAVf7TBJP.op2n6SG3mfrCSrfXpCYO','ROLE_USER','2025-07-31 10:51:45'),('vvv','$2a$10$2hDLM9dmRgyFTMEfP7/6vOYdYSntLwBGQTJ1gc6k2h9jowIt5i8Ee','ROLE_USER','2025-07-31 10:52:51'),('www','$2a$10$eHl5PJxbjj.UtW64EwOLUOSfmfQ6yy2hPHY93rh1GIlag.0y36C42','ROLE_USER','2025-07-31 10:55:11'),('xxx','$2a$10$.Zpg4j/6lyQ8kvnSwqfRFeURIZ6oKpaBkBqSBzEdm6VE13zE9nJAS','ROLE_USER','2025-07-31 10:56:21'),('yyy','$2a$10$igeMMWGyYnS25/HHQ2UcN.GhFZmUdfTgIestwMTXBkYh5NPEYVfMq','ROLE_USER','2025-07-31 10:57:13'),('zzz','$2a$10$A6MQTK7XlB5kwudHLoF.4OUsnEVzANs37uaro38FGri8QhukpITl6','ROLE_USER','2025-07-31 10:59:14');
/*!40000 ALTER TABLE `user_auth` ENABLE KEYS */;
UNLOCK TABLES;

--
-- Table structure for table `user_info`
--

DROP TABLE IF EXISTS `user_info`;
/*!40101 SET @saved_cs_client     = @@character_set_client */;
/*!50503 SET character_set_client = utf8mb4 */;
CREATE TABLE `user_info` (
  `id` int NOT NULL AUTO_INCREMENT,
  `username` varchar(255) NOT NULL,
  `nickname` varchar(20) NOT NULL,
  `phone` varchar(20) DEFAULT NULL,
  `address` varchar(100) DEFAULT NULL,
  `point` int DEFAULT '0',
  `warning` int DEFAULT '0',
  `status` enum('ACTIVE','SUSPENDED','BANNED','INACTIVE') DEFAULT 'ACTIVE',
  PRIMARY KEY (`id`),
  KEY `username` (`username`),
  CONSTRAINT `user_info_ibfk_1` FOREIGN KEY (`username`) REFERENCES `user_auth` (`username`) ON DELETE CASCADE
) ENGINE=InnoDB AUTO_INCREMENT=35 DEFAULT CHARSET=utf8mb4 COLLATE=utf8mb4_0900_ai_ci;
/*!40101 SET character_set_client = @saved_cs_client */;

--
-- Dumping data for table `user_info`
--

LOCK TABLES `user_info` WRITE;
/*!40000 ALTER TABLE `user_info` DISABLE KEYS */;
INSERT INTO `user_info` VALUES (9,'aaa','admin','01012345678','서울 어딘가',102,0,'ACTIVE'),(10,'bbb','조정태','01012345679','서울시 성동구 송정동 66-146 3층',105,0,'ACTIVE'),(11,'ccc','뼈마디아픔','01012356789','서울 광진구 중곡동 어딘가',105,0,'ACTIVE'),(12,'ddd','김준홍','01034567892','경기도 안산 어딘가',105,0,'ACTIVE'),(13,'eee','토끼띠페리','01098765432','경기도 안산 어딘가',105,0,'ACTIVE'),(14,'fff','맴맴왕자','01036655813','동탄 어딘가',102,0,'ACTIVE'),(15,'ggg','커뮤망령','01035652885','서울특별시 잠실',102,0,'ACTIVE'),(16,'hhh','선동쟁이','01038849324','서울 어딘가',102,0,'ACTIVE'),(17,'iii','믹스커피','01045621598','대구 중구',99,0,'ACTIVE'),(18,'jjj','개발자','01099875521','서울 강남',99,0,'ACTIVE'),(19,'kkk','로악귀','01033665544','서울 청량리',99,0,'ACTIVE'),(20,'lll','귀신','01052146325','부산광역시 범천동',99,0,'ACTIVE'),(21,'mmm','아리스단','01015411541','경기도',99,0,'ACTIVE'),(22,'nnn','멀록','01069874563','경상남도 진해',99,0,'ACTIVE'),(23,'ooo','슈퍼쏜','01051638456','강원도 화천',96,0,'ACTIVE'),(24,'ppp','익산주먹왕','01099625656','전라북도 익산',57,0,'ACTIVE'),(25,'qqq','맞춤법검사기','01022255552','부산 중구 남포동',51,0,'ACTIVE'),(26,'rrr','청소부','01058796159','대구 동구 둔산동',51,0,'ACTIVE'),(27,'sss','박치기공룡','01088997788','인천 문학동',51,0,'ACTIVE'),(28,'ttt','존윅','01033336666','경기도 평택',51,0,'ACTIVE'),(29,'uuu','무료맨','01077789998','강원도 강릉',51,0,'ACTIVE'),(30,'vvv','과메기남','01045298963','경상북도 포항',51,0,'ACTIVE'),(31,'www','전기공','01033652221','제주도 서귀포시',51,0,'ACTIVE'),(32,'xxx','예비군','01032132110','경기도 남양주',51,0,'ACTIVE'),(33,'yyy','환장의나라','01010502030','경기도 용인',45,0,'ACTIVE'),(34,'zzz','키라','01030250514','서울 마포구',45,0,'ACTIVE');
/*!40000 ALTER TABLE `user_info` ENABLE KEYS */;
UNLOCK TABLES;

--
-- Table structure for table `voting`
--

DROP TABLE IF EXISTS `voting`;
/*!40101 SET @saved_cs_client     = @@character_set_client */;
/*!50503 SET character_set_client = utf8mb4 */;
CREATE TABLE `voting` (
  `id` int NOT NULL AUTO_INCREMENT,
  `title` varchar(255) NOT NULL,
  `question` varchar(255) NOT NULL,
  `imgsrc` varchar(255) DEFAULT NULL,
  `author` varchar(255) DEFAULT NULL,
  `created_at` datetime DEFAULT CURRENT_TIMESTAMP,
  `category` varchar(30) DEFAULT 'VOTING',
  `views` int DEFAULT '0',
  PRIMARY KEY (`id`),
  KEY `voting_ibfk_1_idx` (`author`),
  CONSTRAINT `voting_ibfk_1` FOREIGN KEY (`author`) REFERENCES `user_auth` (`username`) ON DELETE CASCADE
) ENGINE=InnoDB AUTO_INCREMENT=25 DEFAULT CHARSET=utf8mb4 COLLATE=utf8mb4_0900_ai_ci;
/*!40101 SET character_set_client = @saved_cs_client */;

--
-- Dumping data for table `voting`
--

LOCK TABLES `voting` WRITE;
/*!40000 ALTER TABLE `voting` DISABLE KEYS */;
INSERT INTO `voting` VALUES (1,'재택근무 찬성?','재택근무가 업무 효율을 높인다고 생각하시나요?',NULL,'aaa','2025-07-25 00:00:00','VOTING',0),(2,'온라인 수업 효과적?','온라인 수업이 대면 수업보다 효과적이라고 보시나요?',NULL,'bbb','2025-07-25 00:00:00','VOTING',0),(3,'야근 문화 개선 필요?','현재 야근 문화는 개선되어야 한다고 생각하시나요?',NULL,'ccc','2025-07-25 00:00:00','VOTING',0),(4,'스마트폰 중독 문제?','스마트폰 중독이 심각한 사회 문제라고 생각하시나요?',NULL,'ddd','2025-07-26 00:00:00','VOTING',0),(5,'대중교통 요금 인상 찬반?','대중교통 요금 인상에 찬성하시나요?',NULL,'eee','2025-07-26 00:00:00','VOTING',0),(6,'플라스틱 사용 제한 필요?','플라스틱 사용을 제한해야 한다고 생각하시나요?',NULL,'fff','2025-07-26 00:00:00','VOTING',0),(7,'전자책 vs 종이책?','전자책이 종이책보다 편리하다고 생각하시나요?',NULL,'ggg','2025-07-27 00:00:00','VOTING',0),(8,'자율 주행차 신뢰 가능?','자율 주행차를 신뢰할 수 있다고 보시나요?',NULL,'hhh','2025-07-27 00:00:00','VOTING',0),(9,'친환경 에너지 확대 찬성?','친환경 에너지 확대에 찬성하시나요?',NULL,'iii','2025-07-27 00:00:00','VOTING',0),(10,'재활용 분리수거 철저?','분리수거를 철저히 해야 한다고 생각하시나요?',NULL,'jjj','2025-07-28 00:00:00','VOTING',0),(11,'원격 근무 영구 도입?','원격 근무를 영구적으로 도입하는 것에 찬성하시나요?',NULL,'kkk','2025-07-28 00:00:00','VOTING',0),(12,'플랫폼 노동자 권리 보장?','플랫폼 노동자의 권리 보장이 필요하다고 생각하시나요?',NULL,'lll','2025-07-28 00:00:00','VOTING',0),(13,'공공장소 금연 확대?','공공장소 금연 구역 확대에 찬성하시나요?',NULL,'mmm','2025-07-29 00:00:00','VOTING',0),(14,'스마트폰 중독 예방 교육 필요?','스마트폰 중독 예방 교육이 필요하다고 생각하시나요?',NULL,'nnn','2025-07-29 00:00:00','VOTING',0),(15,'인공지능 윤리 규제 필요?','인공지능 윤리 규제가 필요하다고 보시나요?',NULL,'ooo','2025-07-29 00:00:00','VOTING',0),(16,'원격 수업 질 향상 가능?','원격 수업의 질을 향상시킬 수 있다고 생각하시나요?',NULL,'ppp','2025-07-30 00:00:00','VOTING',0),(17,'친환경 제품 소비 증가?','친환경 제품 소비를 늘려야 한다고 생각하시나요?',NULL,'qqq','2025-07-30 00:00:00','VOTING',0),(18,'음식 배달 서비스 증가?','음식 배달 서비스 증가가 사회에 긍정적이라고 보시나요?',NULL,'rrr','2025-07-30 00:00:00','VOTING',0),(19,'전기차 보급 확대 찬성?','전기차 보급 확대에 찬성하시나요?',NULL,'sss','2025-07-31 00:00:00','VOTING',0),(20,'동물 실험 금지 찬성?','동물 실험 금지에 찬성하시나요?',NULL,'ttt','2025-07-31 00:00:00','VOTING',0),(21,'대학 등록금 인하 찬성?','대학 등록금 인하에 찬성하시나요?',NULL,'uuu','2025-07-31 00:00:00','VOTING',0),(22,'온라인 쇼핑 증가 문제?','온라인 쇼핑 증가가 부작용을 초래한다고 생각하시나요?',NULL,'vvv','2025-08-01 00:00:00','VOTING',0),(23,'스마트 워치 사용 찬성?','스마트 워치 사용이 건강 관리에 도움이 된다고 생각하시나요?',NULL,'www','2025-08-01 00:00:00','VOTING',0),(24,'도시 자전거 도입 확대?','도시 내 자전거 도입 확대에 찬성하시나요?',NULL,'xxx','2025-08-01 00:00:00','VOTING',0);
/*!40000 ALTER TABLE `voting` ENABLE KEYS */;
UNLOCK TABLES;

--
-- Table structure for table `voting_answers`
--

DROP TABLE IF EXISTS `voting_answers`;
/*!40101 SET @saved_cs_client     = @@character_set_client */;
/*!50503 SET character_set_client = utf8mb4 */;
CREATE TABLE `voting_answers` (
  `id` int NOT NULL AUTO_INCREMENT,
  `username` varchar(255) DEFAULT NULL,
  `answers` enum('o','x') NOT NULL,
  `reason` varchar(255) DEFAULT NULL,
  `created_at` datetime DEFAULT CURRENT_TIMESTAMP,
  `parent_id` int DEFAULT NULL,
  PRIMARY KEY (`id`),
  KEY `voting_answers_ibfk_1_idx` (`username`),
  KEY `voting_answers_ibfk_2_idx` (`parent_id`),
  CONSTRAINT `voting_answers_ibfk_1` FOREIGN KEY (`username`) REFERENCES `user_auth` (`username`) ON DELETE CASCADE,
  CONSTRAINT `voting_answers_ibfk_2` FOREIGN KEY (`parent_id`) REFERENCES `voting` (`id`) ON DELETE CASCADE
) ENGINE=InnoDB DEFAULT CHARSET=utf8mb4 COLLATE=utf8mb4_0900_ai_ci;
/*!40101 SET character_set_client = @saved_cs_client */;

--
-- Dumping data for table `voting_answers`
--

LOCK TABLES `voting_answers` WRITE;
/*!40000 ALTER TABLE `voting_answers` DISABLE KEYS */;
/*!40000 ALTER TABLE `voting_answers` ENABLE KEYS */;
UNLOCK TABLES;
/*!40103 SET TIME_ZONE=@OLD_TIME_ZONE */;

/*!40101 SET SQL_MODE=@OLD_SQL_MODE */;
/*!40014 SET FOREIGN_KEY_CHECKS=@OLD_FOREIGN_KEY_CHECKS */;
/*!40014 SET UNIQUE_CHECKS=@OLD_UNIQUE_CHECKS */;
/*!40101 SET CHARACTER_SET_CLIENT=@OLD_CHARACTER_SET_CLIENT */;
/*!40101 SET CHARACTER_SET_RESULTS=@OLD_CHARACTER_SET_RESULTS */;
/*!40101 SET COLLATION_CONNECTION=@OLD_COLLATION_CONNECTION */;
/*!40111 SET SQL_NOTES=@OLD_SQL_NOTES */;

-- Dump completed on 2025-08-05 10:42:55
